Epoch 1, Loss G:  1.3594,Loss D: -0.0439
Epoch 2, Loss G:  1.3018,Loss D: -0.1004
Epoch 3, Loss G:  1.2481,Loss D: -0.1544
Epoch 4, Loss G:  1.2258,Loss D: -0.3046
Epoch 5, Loss G:  1.2063,Loss D: -0.3763
Epoch 6, Loss G:  1.0801,Loss D: -0.4612
Epoch 7, Loss G:  1.0515,Loss D: -0.4596
Epoch 8, Loss G:  0.8557,Loss D: -0.4877
Epoch 9, Loss G:  0.6695,Loss D: -0.5197
Epoch 10, Loss G:  0.5272,Loss D: -0.5215
Epoch 11, Loss G:  0.1546,Loss D: -0.3123
Epoch 12, Loss G:  0.0710,Loss D: -0.2228
Epoch 13, Loss G: -0.2639,Loss D: -0.1133
Epoch 14, Loss G: -0.5478,Loss D: -0.1348
Epoch 15, Loss G: -0.7493,Loss D:  0.0804
Epoch 16, Loss G: -1.0033,Loss D: -0.0548
Epoch 17, Loss G: -1.1672,Loss D:  0.2369
Epoch 18, Loss G: -1.4487,Loss D:  0.2836
Epoch 19, Loss G: -1.5933,Loss D:  0.3016
Epoch 20, Loss G: -1.8357,Loss D:  0.4650
Epoch 21, Loss G: -2.0100,Loss D:  0.4633
Epoch 22, Loss G: -2.0994,Loss D:  0.6338
Epoch 23, Loss G: -2.0683,Loss D:  0.6998
Epoch 24, Loss G: -2.3879,Loss D:  0.6157
Epoch 25, Loss G: -2.3240,Loss D:  0.8119
Epoch 26, Loss G: -2.4017,Loss D:  0.7153
Epoch 27, Loss G: -2.2515,Loss D:  0.8223
Epoch 28, Loss G: -2.0908,Loss D:  0.7068
Epoch 29, Loss G: -2.1330,Loss D:  0.8318
Epoch 30, Loss G: -2.0852,Loss D:  0.5595
Epoch 31, Loss G: -1.8358,Loss D:  0.6190
Epoch 32, Loss G: -1.7439,Loss D:  0.4840
Epoch 33, Loss G: -1.8364,Loss D:  0.3320
Epoch 34, Loss G: -1.5967,Loss D:  0.4380
Epoch 35, Loss G: -1.5091,Loss D:  0.1746
Epoch 36, Loss G: -1.3468,Loss D:  0.2824
Epoch 37, Loss G: -1.0490,Loss D:  0.2209
Epoch 38, Loss G: -1.0282,Loss D:  0.0082
Epoch 39, Loss G: -0.8206,Loss D: -0.1286
Epoch 40, Loss G: -0.7559,Loss D: -0.0284
Epoch 41, Loss G: -0.5173,Loss D: -0.0146
Epoch 42, Loss G: -0.5847,Loss D: -0.3818
Epoch 43, Loss G: -0.4137,Loss D: -0.0289
Epoch 44, Loss G: -0.3197,Loss D: -0.0167
Epoch 45, Loss G: -0.4171,Loss D:  0.2912
Epoch 46, Loss G: -0.3608,Loss D:  0.2386
Epoch 47, Loss G: -0.4101,Loss D:  0.3217
Epoch 48, Loss G: -0.3990,Loss D:  0.4081
Epoch 49, Loss G: -0.2581,Loss D:  0.6636
Epoch 50, Loss G: -0.2389,Loss D:  0.7045
Epoch 51, Loss G: -0.0640,Loss D:  0.8103
Epoch 52, Loss G: -0.0627,Loss D:  0.6867
Epoch 53, Loss G: -0.3405,Loss D:  0.4860
Epoch 54, Loss G:  0.0064,Loss D:  0.4132
Epoch 55, Loss G:  0.1947,Loss D:  0.2658
Epoch 56, Loss G:  0.3820,Loss D:  0.2475
Epoch 57, Loss G:  0.5972,Loss D:  0.1635
Epoch 58, Loss G:  0.5559,Loss D: -0.4579
Epoch 59, Loss G:  0.7913,Loss D: -0.4169
Epoch 60, Loss G:  0.9488,Loss D: -0.1904
Epoch 61, Loss G:  0.9726,Loss D: -0.0266
Epoch 62, Loss G:  0.7389,Loss D: -0.3371
Epoch 63, Loss G:  0.7877,Loss D: -0.2647
Epoch 64, Loss G:  0.3902,Loss D: -0.0015
Epoch 65, Loss G:  0.2248,Loss D: -0.0287
Epoch 66, Loss G:  0.2757,Loss D: -0.2511
Epoch 67, Loss G:  0.0068,Loss D:  0.1415
Epoch 68, Loss G: -0.1582,Loss D:  0.2279
Epoch 69, Loss G: -0.4045,Loss D:  0.1214
Epoch 70, Loss G: -0.6175,Loss D:  0.1497
Epoch 71, Loss G: -0.5706,Loss D:  0.2318
Epoch 72, Loss G: -0.7707,Loss D:  0.4824
Epoch 73, Loss G: -0.8633,Loss D:  0.3293
Epoch 74, Loss G: -0.8098,Loss D:  0.3444
Epoch 75, Loss G: -1.0794,Loss D:  0.1518
Epoch 76, Loss G: -1.0632,Loss D: -0.0117
Epoch 77, Loss G: -0.9619,Loss D: -0.0932
Epoch 78, Loss G: -0.9017,Loss D: -0.0354
Epoch 79, Loss G: -1.1331,Loss D: -0.3276
Epoch 80, Loss G: -1.0936,Loss D: -0.2057
Epoch 81, Loss G: -0.9155,Loss D: -0.4610
Epoch 82, Loss G: -0.9711,Loss D: -0.5320
Epoch 83, Loss G: -0.7031,Loss D: -0.7192
Epoch 84, Loss G: -0.9639,Loss D: -0.6707
Epoch 85, Loss G: -0.8180,Loss D: -0.9929
Epoch 86, Loss G: -1.1219,Loss D: -1.0031
Epoch 87, Loss G: -1.0227,Loss D: -0.6061
Epoch 88, Loss G: -0.9431,Loss D: -0.5695
Epoch 89, Loss G: -1.1777,Loss D: -0.6986
Epoch 90, Loss G: -1.2815,Loss D: -0.1152
Epoch 91, Loss G: -1.4648,Loss D: -0.0032
Epoch 92, Loss G: -1.4903,Loss D:  0.0454
Epoch 93, Loss G: -1.5879,Loss D:  0.0588
Epoch 94, Loss G: -1.9128,Loss D:  0.3253
Epoch 95, Loss G: -2.1722,Loss D:  0.2420
Epoch 96, Loss G: -2.1375,Loss D:  0.6684
Epoch 97, Loss G: -2.3303,Loss D:  0.6839
Epoch 98, Loss G: -1.9373,Loss D:  0.6838
Epoch 99, Loss G: -1.9890,Loss D:  0.5840
Epoch 100, Loss G: -1.4588,Loss D:  0.1340
Epoch 101, Loss G: -1.1820,Loss D:  0.1267
Epoch 102, Loss G: -0.9275,Loss D: -0.5226
Epoch 103, Loss G: -0.6319,Loss D: -0.5805
Epoch 104, Loss G: -0.2884,Loss D: -0.8479
Epoch 105, Loss G:  0.1912,Loss D: -0.9228
Epoch 106, Loss G:  0.4139,Loss D: -1.6168
Epoch 107, Loss G:  0.7385,Loss D: -1.7770
Epoch 108, Loss G:  0.4383,Loss D: -1.6563
Epoch 109, Loss G:  0.4774,Loss D: -1.4405
Epoch 110, Loss G:  0.2176,Loss D: -1.3372
Epoch 111, Loss G: -0.1110,Loss D: -0.8580
Epoch 112, Loss G: -0.4926,Loss D: -0.2468
Epoch 113, Loss G: -1.0003,Loss D:  0.0750
Epoch 114, Loss G: -1.4413,Loss D:  0.3601
Epoch 115, Loss G: -1.5838,Loss D:  0.5269
Epoch 116, Loss G: -1.8994,Loss D:  0.4472
Epoch 117, Loss G: -2.0393,Loss D:  0.1988
Epoch 118, Loss G: -2.0818,Loss D:  0.1489
Epoch 119, Loss G: -2.2729,Loss D: -0.1568
Epoch 120, Loss G: -1.9919,Loss D:  0.1921
Epoch 121, Loss G: -1.8875,Loss D: -0.6266
Epoch 122, Loss G: -1.7153,Loss D: -0.5106
Epoch 123, Loss G: -1.6744,Loss D: -0.7218
Epoch 124, Loss G: -1.6549,Loss D: -0.6670
Epoch 125, Loss G: -1.8929,Loss D: -0.8962
Epoch 126, Loss G: -2.0571,Loss D: -0.6505
Epoch 127, Loss G: -2.5451,Loss D: -0.3090
Epoch 128, Loss G: -2.7491,Loss D:  0.3929
Epoch 129, Loss G: -2.7167,Loss D: -0.0667
Epoch 130, Loss G: -3.1612,Loss D:  0.1753
Epoch 131, Loss G: -3.0457,Loss D:  0.2260
Epoch 132, Loss G: -2.6247,Loss D:  0.0864
Epoch 133, Loss G: -2.5888,Loss D: -0.0659
Epoch 134, Loss G: -2.7084,Loss D: -0.4506
Epoch 135, Loss G: -2.5812,Loss D:  0.0909
Epoch 136, Loss G: -2.6387,Loss D:  0.3283
Epoch 137, Loss G: -3.1058,Loss D:  0.3625
Epoch 138, Loss G: -3.1095,Loss D:  0.3502
Epoch 139, Loss G: -3.2166,Loss D:  0.5156
Epoch 140, Loss G: -3.2830,Loss D:  0.3533
Epoch 141, Loss G: -3.4099,Loss D:  0.0141
Epoch 142, Loss G: -3.3304,Loss D: -0.1282
Epoch 143, Loss G: -3.6576,Loss D:  0.0120
Epoch 144, Loss G: -3.4313,Loss D: -0.0638
Epoch 145, Loss G: -3.8608,Loss D: -0.0385
Epoch 146, Loss G: -3.6004,Loss D:  0.0445
Epoch 147, Loss G: -3.8814,Loss D: -0.2202
Epoch 148, Loss G: -3.6357,Loss D: -0.0676
Epoch 149, Loss G: -3.4601,Loss D:  0.1405
Epoch 150, Loss G: -3.4791,Loss D:  0.0739
Epoch 151, Loss G: -3.7370,Loss D:  0.1226
Epoch 152, Loss G: -3.5411,Loss D:  0.2176
Epoch 153, Loss G: -3.7621,Loss D: -0.0610
Epoch 154, Loss G: -3.4553,Loss D:  0.5327
Epoch 155, Loss G: -3.2894,Loss D:  0.0828
Epoch 156, Loss G: -3.4633,Loss D:  0.1866
Epoch 157, Loss G: -3.2628,Loss D:  0.2581
Epoch 158, Loss G: -3.2330,Loss D:  0.2533
Epoch 159, Loss G: -3.3139,Loss D:  0.0864
Epoch 160, Loss G: -3.2515,Loss D:  0.0373
Epoch 161, Loss G: -3.1326,Loss D:  0.3411
Epoch 162, Loss G: -3.1442,Loss D:  0.4641
Epoch 163, Loss G: -3.0669,Loss D:  0.4460
Epoch 164, Loss G: -2.8594,Loss D:  0.2231
Epoch 165, Loss G: -2.5279,Loss D:  0.2465
Epoch 166, Loss G: -2.4924,Loss D: -0.0445
Epoch 167, Loss G: -2.4147,Loss D: -0.2598
Epoch 168, Loss G: -2.1383,Loss D: -0.2539
Epoch 169, Loss G: -2.2696,Loss D: -0.0764
Epoch 170, Loss G: -2.3112,Loss D:  0.1059
Epoch 171, Loss G: -2.2465,Loss D: -0.0416
Epoch 172, Loss G: -2.1602,Loss D: -0.0070
Epoch 173, Loss G: -1.8680,Loss D:  0.1730
Epoch 174, Loss G: -2.2471,Loss D:  0.3304
Epoch 175, Loss G: -2.1893,Loss D:  0.3067
Epoch 176, Loss G: -2.1034,Loss D: -0.1253
Epoch 177, Loss G: -2.0206,Loss D: -0.0210
Epoch 178, Loss G: -2.1014,Loss D: -0.2321
Epoch 179, Loss G: -2.1770,Loss D:  0.0608
Epoch 180, Loss G: -1.9216,Loss D:  0.1789
Epoch 181, Loss G: -2.3059,Loss D: -0.0085
Epoch 182, Loss G: -1.9381,Loss D: -0.0724
Epoch 183, Loss G: -1.9462,Loss D: -0.0213
Epoch 184, Loss G: -1.8802,Loss D: -0.2144
Epoch 185, Loss G: -1.8912,Loss D: -0.4621
Epoch 186, Loss G: -1.9696,Loss D: -0.2925
Epoch 187, Loss G: -1.6805,Loss D: -0.4042
Epoch 188, Loss G: -1.8276,Loss D: -0.3750
Epoch 189, Loss G: -1.7001,Loss D: -0.5923
Epoch 190, Loss G: -1.7266,Loss D: -0.6365
Epoch 191, Loss G: -1.8143,Loss D: -0.3837
Epoch 192, Loss G: -2.0490,Loss D: -0.2733
Epoch 193, Loss G: -2.0550,Loss D: -0.3838
Epoch 194, Loss G: -2.1888,Loss D: -0.3900
Epoch 195, Loss G: -2.6003,Loss D: -0.2174
Epoch 196, Loss G: -2.4604,Loss D:  0.0038
Epoch 197, Loss G: -2.9059,Loss D:  0.0868
Epoch 198, Loss G: -3.2945,Loss D:  0.2818
Epoch 199, Loss G: -3.1901,Loss D: -0.1723
Epoch 200, Loss G: -3.4677,Loss D:  0.1149
Epoch 201, Loss G: -3.7568,Loss D:  0.4202
Epoch 202, Loss G: -3.9201,Loss D:  0.4652
Epoch 203, Loss G: -4.3686,Loss D:  0.4832
Epoch 204, Loss G: -4.1729,Loss D:  0.4079
Epoch 205, Loss G: -4.1372,Loss D:  0.1966
Epoch 206, Loss G: -4.5276,Loss D:  0.1399
Epoch 207, Loss G: -3.9721,Loss D:  0.3380
Epoch 208, Loss G: -4.2775,Loss D: -0.1344
Epoch 209, Loss G: -3.8687,Loss D:  0.1518
Epoch 210, Loss G: -3.9651,Loss D: -0.4780
Epoch 211, Loss G: -3.8057,Loss D: -0.1215
Epoch 212, Loss G: -3.5425,Loss D: -0.3048
Epoch 213, Loss G: -3.5119,Loss D: -0.5288
Epoch 214, Loss G: -3.5625,Loss D: -0.3651
Epoch 215, Loss G: -3.4722,Loss D: -0.3102
Epoch 216, Loss G: -3.2042,Loss D: -0.0349
Epoch 217, Loss G: -3.1687,Loss D: -0.1304
Epoch 218, Loss G: -3.1507,Loss D:  0.4731
Epoch 219, Loss G: -2.9735,Loss D:  0.1586
Epoch 220, Loss G: -2.9782,Loss D: -0.1847
Epoch 221, Loss G: -2.8803,Loss D: -0.1341
Epoch 222, Loss G: -2.3059,Loss D: -0.4830
Epoch 223, Loss G: -2.5148,Loss D: -0.3640
Epoch 224, Loss G: -2.0161,Loss D:  0.0081
Epoch 225, Loss G: -1.9586,Loss D:  0.0731
Epoch 226, Loss G: -1.6368,Loss D: -0.5065
Epoch 227, Loss G: -1.4557,Loss D: -0.4298
Epoch 228, Loss G: -1.2821,Loss D: -0.5401
Epoch 229, Loss G: -0.8661,Loss D: -0.3057
Epoch 230, Loss G: -0.8593,Loss D: -0.7441
Epoch 231, Loss G: -0.4464,Loss D: -0.6314
Epoch 232, Loss G: -0.3893,Loss D: -0.2676
Epoch 233, Loss G: -0.4394,Loss D: -0.2227
Epoch 234, Loss G: -0.4488,Loss D: -0.4997
Epoch 235, Loss G: -0.6871,Loss D: -0.0735
Epoch 236, Loss G: -0.8191,Loss D: -0.3051
Epoch 237, Loss G: -1.2701,Loss D:  0.2409
Epoch 238, Loss G: -1.1860,Loss D:  0.3355
Epoch 239, Loss G: -1.5674,Loss D:  0.1271
Epoch 240, Loss G: -1.8675,Loss D:  0.4289
Epoch 241, Loss G: -1.9768,Loss D:  0.2548
Epoch 242, Loss G: -2.0543,Loss D:  0.3065
Epoch 243, Loss G: -2.1997,Loss D:  0.0568
Epoch 244, Loss G: -2.2895,Loss D:  0.4195
Epoch 245, Loss G: -2.0972,Loss D: -0.1637
Epoch 246, Loss G: -2.2347,Loss D: -0.4711
Epoch 247, Loss G: -2.2923,Loss D: -0.2596
Epoch 248, Loss G: -2.0267,Loss D: -0.8173
Epoch 249, Loss G: -2.4138,Loss D: -0.8445
Epoch 250, Loss G: -2.7259,Loss D: -0.6515
Epoch 251, Loss G: -2.8577,Loss D: -0.3960
Epoch 252, Loss G: -3.1129,Loss D: -0.3239
Epoch 253, Loss G: -3.4953,Loss D: -0.3410
Epoch 254, Loss G: -3.8793,Loss D: -0.2152
Epoch 255, Loss G: -3.6151,Loss D:  0.4577
Epoch 256, Loss G: -3.7814,Loss D:  0.1906
Epoch 257, Loss G: -3.6068,Loss D:  0.3242
Epoch 258, Loss G: -3.8186,Loss D: -0.1488
Epoch 259, Loss G: -4.1382,Loss D:  0.1593
Epoch 260, Loss G: -3.3825,Loss D:  0.0057
Epoch 261, Loss G: -3.2521,Loss D:  0.1624
Epoch 262, Loss G: -2.9862,Loss D: -0.3092
Epoch 263, Loss G: -2.5506,Loss D: -0.4661
Epoch 264, Loss G: -2.5567,Loss D: -0.4168
Epoch 265, Loss G: -2.9154,Loss D: -0.2413
Epoch 266, Loss G: -2.7626,Loss D: -0.7550
Epoch 267, Loss G: -2.9031,Loss D:  0.2310
Epoch 268, Loss G: -3.6978,Loss D:  0.4404
Epoch 269, Loss G: -3.7060,Loss D:  0.3738
Epoch 270, Loss G: -3.6217,Loss D:  0.0949
Epoch 271, Loss G: -3.7737,Loss D:  0.3817
Epoch 272, Loss G: -3.4766,Loss D:  0.0887
Epoch 273, Loss G: -3.6237,Loss D: -0.0425
Epoch 274, Loss G: -3.3884,Loss D: -0.2196
Epoch 275, Loss G: -2.9510,Loss D: -0.8457
Epoch 276, Loss G: -3.2162,Loss D: -0.4428
Epoch 277, Loss G: -3.2032,Loss D: -0.3077
Epoch 278, Loss G: -3.2554,Loss D: -0.7427
Epoch 279, Loss G: -3.1965,Loss D: -0.1707
Epoch 280, Loss G: -3.1970,Loss D: -0.3247
Epoch 281, Loss G: -2.7159,Loss D: -0.3511
Epoch 282, Loss G: -2.8008,Loss D: -0.0100
Epoch 283, Loss G: -2.8551,Loss D: -0.0825
Epoch 284, Loss G: -3.0327,Loss D: -0.2577
Epoch 285, Loss G: -3.0418,Loss D:  0.3138
Epoch 286, Loss G: -3.0212,Loss D:  0.1117
Epoch 287, Loss G: -3.3267,Loss D:  0.4065
Epoch 288, Loss G: -2.9556,Loss D:  0.5036
Epoch 289, Loss G: -2.9796,Loss D:  0.1171
Epoch 290, Loss G: -3.3241,Loss D:  0.0762
Epoch 291, Loss G: -3.3861,Loss D: -0.1640
Epoch 292, Loss G: -3.4233,Loss D:  0.6097
Epoch 293, Loss G: -3.5217,Loss D:  0.1293
Epoch 294, Loss G: -3.3024,Loss D:  0.0021
Epoch 295, Loss G: -3.4338,Loss D: -0.2683
Epoch 296, Loss G: -3.1420,Loss D: -0.1259
Epoch 297, Loss G: -3.3027,Loss D: -0.2647
Epoch 298, Loss G: -3.3090,Loss D: -0.0861
Epoch 299, Loss G: -3.0411,Loss D: -0.2413
Epoch 300, Loss G: -3.2710,Loss D:  0.1563
Epoch 301, Loss G: -3.1866,Loss D: -0.2338
Epoch 302, Loss G: -3.2945,Loss D: -0.2253
Epoch 303, Loss G: -3.0390,Loss D: -0.7935
Epoch 304, Loss G: -3.0132,Loss D: -0.2594
Epoch 305, Loss G: -2.9451,Loss D:  0.0427
Epoch 306, Loss G: -2.8293,Loss D: -0.3574
Epoch 307, Loss G: -2.6599,Loss D: -0.2172
Epoch 308, Loss G: -2.4066,Loss D: -0.1483
Epoch 309, Loss G: -2.3683,Loss D: -0.3168
Epoch 310, Loss G: -2.1367,Loss D: -0.7414
Epoch 311, Loss G: -2.0192,Loss D: -0.7710
Epoch 312, Loss G: -2.2326,Loss D: -0.1834
Epoch 313, Loss G: -1.9423,Loss D: -0.4519
Epoch 314, Loss G: -2.4466,Loss D: -0.2221
Epoch 315, Loss G: -2.5052,Loss D: -0.3672
Epoch 316, Loss G: -2.4008,Loss D: -0.6514
Epoch 317, Loss G: -2.7662,Loss D:  0.0255
Epoch 318, Loss G: -2.6585,Loss D:  0.3637
Epoch 319, Loss G: -2.8410,Loss D: -0.0201
Epoch 320, Loss G: -2.6796,Loss D:  0.3408
Epoch 321, Loss G: -2.9628,Loss D:  0.4278
Epoch 322, Loss G: -2.8831,Loss D: -0.2109
Epoch 323, Loss G: -2.8156,Loss D:  0.1665
Epoch 324, Loss G: -3.2256,Loss D:  0.0838
Epoch 325, Loss G: -3.2723,Loss D: -0.1860
Epoch 326, Loss G: -3.0628,Loss D:  0.3655
Epoch 327, Loss G: -3.3878,Loss D: -0.0573
Epoch 328, Loss G: -3.3860,Loss D:  0.3033
Epoch 329, Loss G: -3.3458,Loss D:  0.0550
Epoch 330, Loss G: -3.5708,Loss D: -0.1972
Epoch 331, Loss G: -3.8430,Loss D: -0.1528
Epoch 332, Loss G: -3.1524,Loss D:  0.1518
Epoch 333, Loss G: -3.1197,Loss D:  0.3481
Epoch 334, Loss G: -2.8353,Loss D: -0.2172
Epoch 335, Loss G: -2.9367,Loss D: -0.1316
Epoch 336, Loss G: -2.5454,Loss D: -0.3237
Epoch 337, Loss G: -2.6186,Loss D: -0.7170
Epoch 338, Loss G: -2.4470,Loss D: -0.4459
Epoch 339, Loss G: -2.4516,Loss D: -0.6562
Epoch 340, Loss G: -2.2241,Loss D: -0.3117
Epoch 341, Loss G: -2.8156,Loss D:  0.1933
Epoch 342, Loss G: -2.8598,Loss D: -0.0440
Epoch 343, Loss G: -2.9974,Loss D:  0.1837
Epoch 344, Loss G: -3.2956,Loss D:  0.1013
Epoch 345, Loss G: -3.3921,Loss D:  0.0368
Epoch 346, Loss G: -3.0657,Loss D:  0.4437
Epoch 347, Loss G: -3.0542,Loss D: -0.0266
Epoch 348, Loss G: -3.0242,Loss D: -0.0941
Epoch 349, Loss G: -2.7310,Loss D: -0.3981
Epoch 350, Loss G: -2.6437,Loss D: -0.2350
Epoch 351, Loss G: -2.6850,Loss D:  0.4435
Epoch 352, Loss G: -2.7318,Loss D: -0.3226
Epoch 353, Loss G: -2.5825,Loss D: -0.6063
Epoch 354, Loss G: -2.5956,Loss D: -0.2678
Epoch 355, Loss G: -3.0108,Loss D: -0.3112
Epoch 356, Loss G: -2.2337,Loss D: -0.2957
Epoch 357, Loss G: -2.7327,Loss D: -0.4438
Epoch 358, Loss G: -2.7771,Loss D: -0.0633
Epoch 359, Loss G: -2.9647,Loss D: -0.0106
Epoch 360, Loss G: -3.1197,Loss D:  0.0210
Epoch 361, Loss G: -2.9420,Loss D: -0.0838
Epoch 362, Loss G: -2.7347,Loss D: -0.5130
Epoch 363, Loss G: -2.8154,Loss D: -0.3151
Epoch 364, Loss G: -2.9051,Loss D: -0.2239
Epoch 365, Loss G: -3.5190,Loss D: -0.5299
Epoch 366, Loss G: -3.1142,Loss D: -0.1560
Epoch 367, Loss G: -3.3185,Loss D: -0.3603
Epoch 368, Loss G: -3.6023,Loss D: -0.2280
Epoch 369, Loss G: -3.6429,Loss D: -0.3993
Epoch 370, Loss G: -3.8664,Loss D: -0.3237
Epoch 371, Loss G: -4.0242,Loss D: -0.1302
Epoch 372, Loss G: -4.3920,Loss D: -0.0903
Epoch 373, Loss G: -4.5439,Loss D: -0.1415
Epoch 374, Loss G: -4.8959,Loss D:  0.7299
Epoch 375, Loss G: -4.8914,Loss D:  0.0985
Epoch 376, Loss G: -5.0556,Loss D:  0.5151
Epoch 377, Loss G: -4.7854,Loss D: -0.2577
Epoch 378, Loss G: -4.8447,Loss D:  0.3817
Epoch 379, Loss G: -4.4405,Loss D: -0.2714
Epoch 380, Loss G: -4.5635,Loss D: -0.2399
Epoch 381, Loss G: -4.5145,Loss D: -0.0472
Epoch 382, Loss G: -4.7003,Loss D: -0.3251
Epoch 383, Loss G: -3.9354,Loss D:  0.1195
Epoch 384, Loss G: -4.2882,Loss D: -0.3480
Epoch 385, Loss G: -4.4586,Loss D: -0.0518
Epoch 386, Loss G: -4.1449,Loss D: -0.0408
Epoch 387, Loss G: -3.9627,Loss D:  0.3924
Epoch 388, Loss G: -4.7161,Loss D:  0.4033
Epoch 389, Loss G: -3.8091,Loss D: -0.2369
Epoch 390, Loss G: -3.4981,Loss D:  0.4813
Epoch 391, Loss G: -3.2977,Loss D:  0.3308
Epoch 392, Loss G: -3.2652,Loss D: -0.0377
Epoch 393, Loss G: -3.5275,Loss D: -0.2930
Epoch 394, Loss G: -3.1347,Loss D:  0.0691
Epoch 395, Loss G: -3.2302,Loss D: -0.0673
Epoch 396, Loss G: -3.3772,Loss D:  0.0356
Epoch 397, Loss G: -3.1296,Loss D: -0.2666
Epoch 398, Loss G: -2.9464,Loss D: -0.4611
Epoch 399, Loss G: -3.0073,Loss D:  0.1066
Epoch 400, Loss G: -2.4865,Loss D:  0.0223
Epoch 401, Loss G: -2.4607,Loss D: -0.0113
Epoch 402, Loss G: -2.4476,Loss D: -0.1123
Epoch 403, Loss G: -2.3848,Loss D: -0.1244
Epoch 404, Loss G: -2.0860,Loss D: -0.4439
Epoch 405, Loss G: -1.9206,Loss D: -0.2232
Epoch 406, Loss G: -1.7899,Loss D: -0.4892
Epoch 407, Loss G: -1.7826,Loss D: -0.5269
Epoch 408, Loss G: -1.9727,Loss D: -0.1155
Epoch 409, Loss G: -1.9364,Loss D: -0.2140
Epoch 410, Loss G: -2.2733,Loss D: -0.3754
Epoch 411, Loss G: -1.8517,Loss D:  0.1967
Epoch 412, Loss G: -2.3334,Loss D: -0.2707
Epoch 413, Loss G: -2.4577,Loss D: -0.2825
Epoch 414, Loss G: -2.8584,Loss D:  0.1473
Epoch 415, Loss G: -2.8936,Loss D: -0.2282
Epoch 416, Loss G: -3.0149,Loss D:  0.1008
Epoch 417, Loss G: -2.8374,Loss D:  0.0048
Epoch 418, Loss G: -2.8285,Loss D: -0.2394
Epoch 419, Loss G: -3.3365,Loss D: -0.1711
Epoch 420, Loss G: -3.1962,Loss D:  0.1473
Epoch 421, Loss G: -3.2624,Loss D: -0.1281
Epoch 422, Loss G: -3.5249,Loss D: -0.6706
Epoch 423, Loss G: -3.4048,Loss D: -0.3075
Epoch 424, Loss G: -3.4856,Loss D: -0.8985
Epoch 425, Loss G: -3.7060,Loss D: -0.8461
Epoch 426, Loss G: -3.7487,Loss D: -0.1295
Epoch 427, Loss G: -3.3889,Loss D: -0.6226
Epoch 428, Loss G: -4.2518,Loss D: -0.5151
Epoch 429, Loss G: -4.0685,Loss D: -0.0323
Epoch 430, Loss G: -4.2290,Loss D:  0.1823
Epoch 431, Loss G: -4.2110,Loss D: -0.1623
Epoch 432, Loss G: -4.9596,Loss D:  0.0678
Epoch 433, Loss G: -4.2896,Loss D:  0.7365
Epoch 434, Loss G: -4.6577,Loss D:  0.2073
Epoch 435, Loss G: -4.4608,Loss D:  0.1382
Epoch 436, Loss G: -4.2271,Loss D: -0.5881
Epoch 437, Loss G: -3.8162,Loss D: -0.4649
Epoch 438, Loss G: -3.1096,Loss D: -0.3876
Epoch 439, Loss G: -2.7785,Loss D: -0.7317
Epoch 440, Loss G: -2.8953,Loss D: -0.3388
Epoch 441, Loss G: -2.8907,Loss D: -0.6802
Epoch 442, Loss G: -3.0884,Loss D: -0.8767
Epoch 443, Loss G: -2.8069,Loss D:  0.0284
Epoch 444, Loss G: -2.7372,Loss D: -0.2444
Epoch 445, Loss G: -3.1759,Loss D: -0.0725
Epoch 446, Loss G: -3.0679,Loss D:  0.0725
Epoch 447, Loss G: -3.0674,Loss D: -0.1413
Epoch 448, Loss G: -2.9839,Loss D: -0.0192
Epoch 449, Loss G: -3.1541,Loss D:  0.3793
Epoch 450, Loss G: -2.2213,Loss D: -0.0567
Epoch 451, Loss G: -2.2372,Loss D: -0.5443
Epoch 452, Loss G: -2.7043,Loss D: -0.0026
Epoch 453, Loss G: -2.1369,Loss D: -0.5235
Epoch 454, Loss G: -2.5886,Loss D: -0.2058
Epoch 455, Loss G: -2.8067,Loss D: -0.5662
Epoch 456, Loss G: -2.8654,Loss D: -0.0045
Epoch 457, Loss G: -2.8604,Loss D: -0.1223
Epoch 458, Loss G: -3.6640,Loss D:  0.0073
Epoch 459, Loss G: -3.5370,Loss D: -0.2341
Epoch 460, Loss G: -3.5573,Loss D:  0.3100
Epoch 461, Loss G: -3.7131,Loss D:  0.1100
Epoch 462, Loss G: -3.9169,Loss D:  0.6015
Epoch 463, Loss G: -3.9587,Loss D:  0.4868
Epoch 464, Loss G: -3.3551,Loss D: -0.1605
Epoch 465, Loss G: -3.4843,Loss D:  0.4452
Epoch 466, Loss G: -3.9653,Loss D: -0.3118
Epoch 467, Loss G: -4.0920,Loss D: -0.2606
Epoch 468, Loss G: -3.4270,Loss D: -0.1631
Epoch 469, Loss G: -3.3680,Loss D:  0.1584
Epoch 470, Loss G: -3.4491,Loss D: -0.4202
Epoch 471, Loss G: -3.5864,Loss D: -0.2974
Epoch 472, Loss G: -3.6324,Loss D: -0.3656
Epoch 473, Loss G: -3.6411,Loss D:  0.2329
Epoch 474, Loss G: -3.7375,Loss D: -0.2817
Epoch 475, Loss G: -3.2700,Loss D: -0.2269
Epoch 476, Loss G: -2.9432,Loss D: -0.3580
Epoch 477, Loss G: -2.9085,Loss D: -0.5412
Epoch 478, Loss G: -3.0564,Loss D: -0.0127
Epoch 479, Loss G: -2.8569,Loss D: -0.1740
Epoch 480, Loss G: -2.7306,Loss D: -0.8915
Epoch 481, Loss G: -2.9031,Loss D: -0.4259
Epoch 482, Loss G: -3.0442,Loss D: -0.6533
Epoch 483, Loss G: -2.9927,Loss D:  0.0588
Epoch 484, Loss G: -2.9835,Loss D:  0.1509
Epoch 485, Loss G: -3.0048,Loss D: -0.1512
Epoch 486, Loss G: -3.2515,Loss D: -0.1868
Epoch 487, Loss G: -2.9639,Loss D: -0.3089
Epoch 488, Loss G: -3.5023,Loss D:  0.1140
Epoch 489, Loss G: -3.2467,Loss D: -0.0433
Epoch 490, Loss G: -3.5046,Loss D:  0.2285
Epoch 491, Loss G: -3.6840,Loss D:  0.1095
Epoch 492, Loss G: -3.0105,Loss D: -0.0046
Epoch 493, Loss G: -3.5808,Loss D: -0.0920
Epoch 494, Loss G: -3.7594,Loss D: -0.1098
Epoch 495, Loss G: -3.5512,Loss D: -0.8010
Epoch 496, Loss G: -3.5151,Loss D: -0.2553
Epoch 497, Loss G: -3.0440,Loss D:  0.0817
Epoch 498, Loss G: -3.3700,Loss D: -0.5488
Epoch 499, Loss G: -3.2048,Loss D: -0.5069
Epoch 500, Loss G: -3.4740,Loss D: -0.3332
Epoch 501, Loss G: -3.6245,Loss D: -0.4281
Epoch 502, Loss G: -3.2628,Loss D: -0.7720
Epoch 503, Loss G: -3.4020,Loss D:  0.0229
Epoch 504, Loss G: -4.1425,Loss D: -0.8844
Epoch 505, Loss G: -3.6464,Loss D:  0.0884
Epoch 506, Loss G: -3.6274,Loss D:  0.3285
Epoch 507, Loss G: -3.7711,Loss D:  0.5720
Epoch 508, Loss G: -3.7811,Loss D: -0.0279
Epoch 509, Loss G: -3.8993,Loss D: -0.0556
Epoch 510, Loss G: -4.1366,Loss D:  0.7448
Epoch 511, Loss G: -4.0272,Loss D:  0.2187
Epoch 512, Loss G: -3.6244,Loss D:  0.1829
Epoch 513, Loss G: -3.6947,Loss D: -0.2303
Epoch 514, Loss G: -3.2988,Loss D:  0.3160
Epoch 515, Loss G: -3.3630,Loss D: -0.3641
Epoch 516, Loss G: -3.3333,Loss D: -0.4621
Epoch 517, Loss G: -2.9084,Loss D: -0.3027
Epoch 518, Loss G: -2.6680,Loss D:  0.0071
Epoch 519, Loss G: -3.0097,Loss D: -0.6997
Epoch 520, Loss G: -2.7220,Loss D: -0.3821
Epoch 521, Loss G: -2.7243,Loss D: -0.7221
Epoch 522, Loss G: -2.5822,Loss D: -0.4837
Epoch 523, Loss G: -2.7943,Loss D: -0.1414
Epoch 524, Loss G: -2.4763,Loss D: -0.2577
Epoch 525, Loss G: -2.2021,Loss D: -0.3596
Epoch 526, Loss G: -2.5913,Loss D: -0.3720
Epoch 527, Loss G: -2.7705,Loss D:  0.3993
Epoch 528, Loss G: -2.6169,Loss D: -0.0515
Epoch 529, Loss G: -2.4318,Loss D:  0.4440
Epoch 530, Loss G: -2.6765,Loss D: -0.0064
Epoch 531, Loss G: -2.5264,Loss D:  0.3316
Epoch 532, Loss G: -2.7880,Loss D: -0.2939
Epoch 533, Loss G: -2.8272,Loss D: -0.0993
Epoch 534, Loss G: -2.6786,Loss D: -0.6043
Epoch 535, Loss G: -2.5282,Loss D: -0.2658
Epoch 536, Loss G: -2.8142,Loss D: -0.2743
Epoch 537, Loss G: -2.7315,Loss D: -0.4930
Epoch 538, Loss G: -3.0672,Loss D: -0.8590
Epoch 539, Loss G: -3.2230,Loss D: -0.2336
Epoch 540, Loss G: -2.8080,Loss D:  0.0502
Epoch 541, Loss G: -3.0022,Loss D:  0.3617
Epoch 542, Loss G: -3.2772,Loss D: -0.1986
Epoch 543, Loss G: -3.3168,Loss D: -0.7570
Epoch 544, Loss G: -3.7259,Loss D: -0.3289
Epoch 545, Loss G: -3.6585,Loss D: -0.2345
Epoch 546, Loss G: -3.3633,Loss D: -0.2642
Epoch 547, Loss G: -3.6382,Loss D: -0.9093
Epoch 548, Loss G: -3.7128,Loss D:  0.1702
Epoch 549, Loss G: -3.1794,Loss D: -0.0896
Epoch 550, Loss G: -3.1023,Loss D: -0.4287
Epoch 551, Loss G: -3.1838,Loss D: -0.1873
Epoch 552, Loss G: -3.0085,Loss D: -0.3654
Epoch 553, Loss G: -3.1455,Loss D: -0.6273
Epoch 554, Loss G: -2.5942,Loss D: -0.3123
Epoch 555, Loss G: -2.5926,Loss D: -0.2882
Epoch 556, Loss G: -2.2909,Loss D: -0.0101
Epoch 557, Loss G: -2.5077,Loss D:  0.0506
Epoch 558, Loss G: -3.0197,Loss D:  0.0762
Epoch 559, Loss G: -2.6511,Loss D: -0.0524
Epoch 560, Loss G: -2.5772,Loss D: -0.5523
Epoch 561, Loss G: -2.7520,Loss D: -0.3335
Epoch 562, Loss G: -2.8141,Loss D: -0.1662
Epoch 563, Loss G: -2.7218,Loss D: -0.2388
Epoch 564, Loss G: -2.1308,Loss D: -0.5442
Epoch 565, Loss G: -2.5913,Loss D: -0.1710
Epoch 566, Loss G: -2.1302,Loss D: -0.7774
Epoch 567, Loss G: -2.2604,Loss D: -0.1070
Epoch 568, Loss G: -2.9405,Loss D: -0.3750
Epoch 569, Loss G: -2.8993,Loss D: -0.4328
Epoch 570, Loss G: -2.7423,Loss D: -0.4262
Epoch 571, Loss G: -2.9299,Loss D: -0.4402
Epoch 572, Loss G: -2.8786,Loss D: -0.6748
Epoch 573, Loss G: -3.0094,Loss D:  0.2240
Epoch 574, Loss G: -2.2969,Loss D:  0.2245
Epoch 575, Loss G: -2.9462,Loss D: -0.1369
Epoch 576, Loss G: -2.5651,Loss D:  0.0577
Epoch 577, Loss G: -2.3515,Loss D: -0.2519
Epoch 578, Loss G: -2.9495,Loss D: -0.0571
Epoch 579, Loss G: -3.0901,Loss D: -0.6426
Epoch 580, Loss G: -2.8584,Loss D: -0.1029
Epoch 581, Loss G: -2.9720,Loss D:  0.0242
Epoch 582, Loss G: -2.6062,Loss D: -0.8817
Epoch 583, Loss G: -2.5057,Loss D: -0.4277
Epoch 584, Loss G: -2.0151,Loss D: -0.5193
Epoch 585, Loss G: -2.0183,Loss D: -0.2589
Epoch 586, Loss G: -1.8000,Loss D: -0.7966
Epoch 587, Loss G: -1.9185,Loss D: -0.4774
Epoch 588, Loss G: -1.9233,Loss D: -0.2564
Epoch 589, Loss G: -2.0960,Loss D: -0.3915
Epoch 590, Loss G: -1.5648,Loss D: -0.4534
Epoch 591, Loss G: -2.2363,Loss D: -0.0263
Epoch 592, Loss G: -2.3127,Loss D: -0.5401
Epoch 593, Loss G: -2.1895,Loss D: -0.1569
Epoch 594, Loss G: -2.3757,Loss D:  0.2024
Epoch 595, Loss G: -2.3633,Loss D:  0.4146
Epoch 596, Loss G: -2.6356,Loss D: -0.0917
Epoch 597, Loss G: -2.9729,Loss D:  0.6299
Epoch 598, Loss G: -2.7661,Loss D:  0.7061
Epoch 599, Loss G: -2.5622,Loss D:  0.4890
Epoch 600, Loss G: -2.5927,Loss D: -0.4286
