Epoch 1, Loss G:  1.1275,Loss D:  0.0036
Epoch 2, Loss G:  1.1131,Loss D: -0.1036
Epoch 3, Loss G:  1.1385,Loss D: -0.1631
Epoch 4, Loss G:  1.0165,Loss D: -0.2186
Epoch 5, Loss G:  0.9985,Loss D: -0.2925
Epoch 6, Loss G:  0.9040,Loss D: -0.3586
Epoch 7, Loss G:  0.7963,Loss D: -0.4214
Epoch 8, Loss G:  0.7697,Loss D: -0.4783
Epoch 9, Loss G:  0.5795,Loss D: -0.4155
Epoch 10, Loss G:  0.3967,Loss D: -0.4589
Epoch 11, Loss G:  0.2556,Loss D: -0.1902
Epoch 12, Loss G:  0.0186,Loss D: -0.1737
Epoch 13, Loss G: -0.2602,Loss D: -0.0846
Epoch 14, Loss G: -0.5025,Loss D:  0.0665
Epoch 15, Loss G: -0.6714,Loss D:  0.2012
Epoch 16, Loss G: -0.7493,Loss D:  0.2735
Epoch 17, Loss G: -1.0189,Loss D:  0.2126
Epoch 18, Loss G: -0.9796,Loss D:  0.1282
Epoch 19, Loss G: -1.2067,Loss D:  0.2878
Epoch 20, Loss G: -1.2698,Loss D:  0.2334
Epoch 21, Loss G: -1.2500,Loss D:  0.4203
Epoch 22, Loss G: -1.3201,Loss D:  0.3245
Epoch 23, Loss G: -1.3060,Loss D:  0.2465
Epoch 24, Loss G: -1.3114,Loss D:  0.2825
Epoch 25, Loss G: -1.3705,Loss D:  0.6182
Epoch 26, Loss G: -1.4667,Loss D:  0.5755
Epoch 27, Loss G: -1.3980,Loss D:  0.6000
Epoch 28, Loss G: -1.5322,Loss D:  0.6802
Epoch 29, Loss G: -1.4079,Loss D:  0.5406
Epoch 30, Loss G: -1.3026,Loss D:  0.3672
Epoch 31, Loss G: -1.0621,Loss D:  0.3859
Epoch 32, Loss G: -0.8374,Loss D:  0.3924
Epoch 33, Loss G: -0.8644,Loss D:  0.1785
Epoch 34, Loss G: -0.8164,Loss D: -0.0435
Epoch 35, Loss G: -0.6660,Loss D:  0.0820
Epoch 36, Loss G: -0.4094,Loss D:  0.0102
Epoch 37, Loss G: -0.4713,Loss D: -0.2367
Epoch 38, Loss G: -0.3499,Loss D: -0.3594
Epoch 39, Loss G: -0.5133,Loss D: -0.3863
Epoch 40, Loss G: -0.4203,Loss D: -0.2015
Epoch 41, Loss G: -0.3925,Loss D:  0.0508
Epoch 42, Loss G: -0.6437,Loss D:  0.1634
Epoch 43, Loss G: -0.8063,Loss D:  0.4892
Epoch 44, Loss G: -0.9281,Loss D:  0.6904
Epoch 45, Loss G: -1.2882,Loss D:  0.8648
Epoch 46, Loss G: -1.2752,Loss D:  0.8322
Epoch 47, Loss G: -1.3991,Loss D:  0.9545
Epoch 48, Loss G: -1.3869,Loss D:  0.8517
Epoch 49, Loss G: -1.6423,Loss D:  0.9437
Epoch 50, Loss G: -1.6812,Loss D:  0.9205
Epoch 51, Loss G: -1.4731,Loss D:  0.9152
Epoch 52, Loss G: -1.3181,Loss D:  0.7791
Epoch 53, Loss G: -1.2968,Loss D:  0.5864
Epoch 54, Loss G: -1.0682,Loss D:  0.2682
Epoch 55, Loss G: -0.8305,Loss D:  0.1784
Epoch 56, Loss G: -0.8037,Loss D: -0.0510
Epoch 57, Loss G: -0.4610,Loss D:  0.0143
Epoch 58, Loss G: -0.4411,Loss D: -0.4339
Epoch 59, Loss G: -0.1611,Loss D: -0.3807
Epoch 60, Loss G: -0.0913,Loss D: -0.6055
Epoch 61, Loss G:  0.0116,Loss D: -0.8138
Epoch 62, Loss G: -0.1536,Loss D: -0.4942
Epoch 63, Loss G: -0.0496,Loss D: -0.5235
Epoch 64, Loss G: -0.2761,Loss D: -0.5228
Epoch 65, Loss G: -0.3032,Loss D: -0.4487
Epoch 66, Loss G: -0.6078,Loss D:  0.0606
Epoch 67, Loss G: -0.7455,Loss D:  0.0859
Epoch 68, Loss G: -1.0492,Loss D:  0.0503
Epoch 69, Loss G: -1.2098,Loss D:  0.1414
Epoch 70, Loss G: -1.3533,Loss D:  0.3640
Epoch 71, Loss G: -1.5422,Loss D:  0.5775
Epoch 72, Loss G: -1.5460,Loss D:  0.3452
Epoch 73, Loss G: -1.4318,Loss D:  0.6289
Epoch 74, Loss G: -1.2742,Loss D:  0.2291
Epoch 75, Loss G: -1.2302,Loss D:  0.3858
Epoch 76, Loss G: -1.1336,Loss D: -0.2767
Epoch 77, Loss G: -0.9828,Loss D: -0.2972
Epoch 78, Loss G: -0.9196,Loss D: -0.0829
Epoch 79, Loss G: -0.6472,Loss D: -0.5090
Epoch 80, Loss G: -0.4528,Loss D: -0.5396
Epoch 81, Loss G: -0.3983,Loss D: -0.7359
Epoch 82, Loss G: -0.3388,Loss D: -0.6345
Epoch 83, Loss G: -0.3515,Loss D: -0.9717
Epoch 84, Loss G: -0.3104,Loss D: -0.9041
Epoch 85, Loss G: -0.3965,Loss D: -0.6863
Epoch 86, Loss G: -0.4525,Loss D: -0.4349
Epoch 87, Loss G: -0.7634,Loss D: -0.3782
Epoch 88, Loss G: -0.9565,Loss D: -0.0682
Epoch 89, Loss G: -1.2083,Loss D:  0.3968
Epoch 90, Loss G: -1.2245,Loss D:  0.4470
Epoch 91, Loss G: -1.4658,Loss D:  0.4435
Epoch 92, Loss G: -1.5016,Loss D:  0.6000
Epoch 93, Loss G: -1.4926,Loss D:  0.5730
Epoch 94, Loss G: -1.3420,Loss D:  0.3266
Epoch 95, Loss G: -1.2554,Loss D:  0.0638
Epoch 96, Loss G: -0.8858,Loss D:  0.0075
Epoch 97, Loss G: -0.8513,Loss D: -0.2621
Epoch 98, Loss G: -0.6345,Loss D: -0.6350
Epoch 99, Loss G: -0.1587,Loss D: -0.6599
Epoch 100, Loss G: -0.0082,Loss D: -1.1019
Epoch 101, Loss G: -0.0413,Loss D: -0.9168
Epoch 102, Loss G:  0.0803,Loss D: -0.9768
Epoch 103, Loss G: -0.1050,Loss D: -1.0648
Epoch 104, Loss G: -0.2881,Loss D: -0.8648
Epoch 105, Loss G: -0.4305,Loss D: -0.4053
Epoch 106, Loss G: -0.6087,Loss D: -0.3345
Epoch 107, Loss G: -1.1669,Loss D:  0.1569
Epoch 108, Loss G: -1.5019,Loss D:  0.4732
Epoch 109, Loss G: -1.7662,Loss D:  0.4441
Epoch 110, Loss G: -2.0748,Loss D:  0.5802
Epoch 111, Loss G: -1.9289,Loss D:  0.2177
Epoch 112, Loss G: -1.9705,Loss D: -0.0024
Epoch 113, Loss G: -1.8054,Loss D:  0.1057
Epoch 114, Loss G: -1.9029,Loss D: -0.1902
Epoch 115, Loss G: -1.5966,Loss D: -0.3354
Epoch 116, Loss G: -1.0806,Loss D: -0.8545
Epoch 117, Loss G: -1.3840,Loss D: -0.6823
Epoch 118, Loss G: -1.3100,Loss D: -0.4103
Epoch 119, Loss G: -1.3976,Loss D: -0.2952
Epoch 120, Loss G: -1.6922,Loss D:  0.1174
Epoch 121, Loss G: -2.3482,Loss D: -0.1275
Epoch 122, Loss G: -2.7202,Loss D:  0.2572
Epoch 123, Loss G: -2.9003,Loss D:  0.0380
Epoch 124, Loss G: -2.7447,Loss D:  0.3294
Epoch 125, Loss G: -2.7630,Loss D: -0.0810
Epoch 126, Loss G: -2.7893,Loss D: -0.0133
Epoch 127, Loss G: -2.6614,Loss D: -0.4002
Epoch 128, Loss G: -2.8913,Loss D: -0.2066
Epoch 129, Loss G: -3.0922,Loss D: -0.2861
Epoch 130, Loss G: -3.2249,Loss D: -0.0412
Epoch 131, Loss G: -3.6148,Loss D:  0.2529
Epoch 132, Loss G: -3.2664,Loss D: -0.0460
Epoch 133, Loss G: -3.4519,Loss D:  0.4258
Epoch 134, Loss G: -3.5697,Loss D:  0.2335
Epoch 135, Loss G: -3.6801,Loss D:  0.0230
Epoch 136, Loss G: -3.8055,Loss D: -0.1679
Epoch 137, Loss G: -3.9232,Loss D:  0.0903
Epoch 138, Loss G: -3.8214,Loss D:  0.1469
Epoch 139, Loss G: -3.8068,Loss D:  0.0071
Epoch 140, Loss G: -3.5637,Loss D:  0.0292
Epoch 141, Loss G: -3.6100,Loss D: -0.3354
Epoch 142, Loss G: -3.7377,Loss D: -0.0931
Epoch 143, Loss G: -3.5793,Loss D: -0.1931
Epoch 144, Loss G: -3.5943,Loss D:  0.0096
Epoch 145, Loss G: -3.4529,Loss D:  0.2816
Epoch 146, Loss G: -3.5695,Loss D:  0.2210
Epoch 147, Loss G: -3.8371,Loss D: -0.0523
Epoch 148, Loss G: -3.9613,Loss D:  0.2383
Epoch 149, Loss G: -4.1339,Loss D:  0.3138
Epoch 150, Loss G: -4.0042,Loss D:  0.3452
Epoch 151, Loss G: -4.0459,Loss D:  0.3817
Epoch 152, Loss G: -4.0241,Loss D:  0.6381
Epoch 153, Loss G: -4.2332,Loss D:  0.2802
Epoch 154, Loss G: -4.1954,Loss D:  0.1957
Epoch 155, Loss G: -4.4430,Loss D:  0.2584
Epoch 156, Loss G: -4.1532,Loss D:  0.6638
Epoch 157, Loss G: -4.1388,Loss D:  0.3089
Epoch 158, Loss G: -4.2703,Loss D:  0.1550
Epoch 159, Loss G: -4.2784,Loss D:  0.4397
Epoch 160, Loss G: -4.2259,Loss D:  0.3194
Epoch 161, Loss G: -4.2223,Loss D:  0.2630
Epoch 162, Loss G: -3.8629,Loss D: -0.1693
Epoch 163, Loss G: -3.6580,Loss D:  0.3087
Epoch 164, Loss G: -3.5611,Loss D: -0.1554
Epoch 165, Loss G: -3.4266,Loss D:  0.1546
Epoch 166, Loss G: -3.0389,Loss D: -0.2700
Epoch 167, Loss G: -3.3292,Loss D: -0.1756
Epoch 168, Loss G: -3.1397,Loss D: -0.0327
Epoch 169, Loss G: -3.5077,Loss D: -0.0386
Epoch 170, Loss G: -3.0112,Loss D:  0.3239
Epoch 171, Loss G: -3.3638,Loss D:  0.2106
Epoch 172, Loss G: -3.0795,Loss D:  0.2777
Epoch 173, Loss G: -3.2505,Loss D:  0.3584
Epoch 174, Loss G: -3.1104,Loss D:  0.1461
Epoch 175, Loss G: -3.1267,Loss D:  0.2776
Epoch 176, Loss G: -3.0418,Loss D:  0.2599
Epoch 177, Loss G: -3.1393,Loss D:  0.1478
Epoch 178, Loss G: -3.1118,Loss D:  0.3278
Epoch 179, Loss G: -2.8625,Loss D:  0.3142
Epoch 180, Loss G: -2.6689,Loss D:  0.2144
Epoch 181, Loss G: -2.7685,Loss D: -0.0448
Epoch 182, Loss G: -2.5651,Loss D: -0.0873
Epoch 183, Loss G: -2.7877,Loss D:  0.1432
Epoch 184, Loss G: -2.3853,Loss D: -0.0181
Epoch 185, Loss G: -2.3358,Loss D: -0.2327
Epoch 186, Loss G: -2.3798,Loss D: -0.0933
Epoch 187, Loss G: -2.3367,Loss D: -0.0590
Epoch 188, Loss G: -2.2890,Loss D: -0.2871
Epoch 189, Loss G: -2.4742,Loss D: -0.3121
Epoch 190, Loss G: -2.5765,Loss D: -0.0086
Epoch 191, Loss G: -2.8810,Loss D:  0.1228
Epoch 192, Loss G: -2.9392,Loss D:  0.4336
Epoch 193, Loss G: -2.8913,Loss D:  0.1698
Epoch 194, Loss G: -3.0189,Loss D:  0.6262
Epoch 195, Loss G: -3.2588,Loss D:  0.5516
Epoch 196, Loss G: -3.4734,Loss D:  0.4031
Epoch 197, Loss G: -3.4056,Loss D:  0.7393
Epoch 198, Loss G: -3.5970,Loss D:  0.9283
Epoch 199, Loss G: -3.7788,Loss D:  0.8863
Epoch 200, Loss G: -3.7689,Loss D:  0.5163
Epoch 201, Loss G: -3.9358,Loss D:  0.4218
Epoch 202, Loss G: -3.6106,Loss D:  0.5068
Epoch 203, Loss G: -3.7453,Loss D:  0.6629
Epoch 204, Loss G: -3.0873,Loss D:  0.0151
Epoch 205, Loss G: -3.1998,Loss D: -0.1219
Epoch 206, Loss G: -3.0606,Loss D: -0.4299
Epoch 207, Loss G: -3.0106,Loss D: -0.6404
Epoch 208, Loss G: -2.6629,Loss D: -0.6224
Epoch 209, Loss G: -2.4898,Loss D: -0.9616
Epoch 210, Loss G: -2.5242,Loss D: -0.7512
Epoch 211, Loss G: -2.4825,Loss D: -0.9323
Epoch 212, Loss G: -2.7856,Loss D: -0.5000
Epoch 213, Loss G: -2.8310,Loss D: -0.2383
Epoch 214, Loss G: -3.2091,Loss D:  0.1050
Epoch 215, Loss G: -3.0863,Loss D: -0.0178
Epoch 216, Loss G: -3.3828,Loss D:  0.2801
Epoch 217, Loss G: -3.6791,Loss D:  0.4251
Epoch 218, Loss G: -3.7809,Loss D:  0.4377
Epoch 219, Loss G: -3.5786,Loss D:  0.4708
Epoch 220, Loss G: -3.6575,Loss D:  0.3235
Epoch 221, Loss G: -3.7485,Loss D:  0.1573
Epoch 222, Loss G: -3.6375,Loss D:  0.4341
Epoch 223, Loss G: -3.6996,Loss D:  0.1196
Epoch 224, Loss G: -3.3682,Loss D:  0.2395
Epoch 225, Loss G: -3.1789,Loss D: -0.1246
Epoch 226, Loss G: -3.1812,Loss D: -0.3439
Epoch 227, Loss G: -2.8015,Loss D: -0.3965
Epoch 228, Loss G: -2.3776,Loss D: -0.4373
Epoch 229, Loss G: -2.3060,Loss D: -0.8634
Epoch 230, Loss G: -2.2834,Loss D: -0.8733
Epoch 231, Loss G: -1.9440,Loss D: -0.7018
Epoch 232, Loss G: -1.6931,Loss D: -0.8103
Epoch 233, Loss G: -1.8999,Loss D: -0.7088
Epoch 234, Loss G: -2.2050,Loss D: -0.2122
Epoch 235, Loss G: -2.0152,Loss D: -0.4850
Epoch 236, Loss G: -2.4565,Loss D: -0.3378
Epoch 237, Loss G: -2.7474,Loss D: -0.1607
Epoch 238, Loss G: -2.8362,Loss D:  0.0327
Epoch 239, Loss G: -3.0998,Loss D:  0.3420
Epoch 240, Loss G: -3.4245,Loss D:  0.2579
Epoch 241, Loss G: -3.5312,Loss D:  0.3781
Epoch 242, Loss G: -3.6146,Loss D:  0.6106
Epoch 243, Loss G: -3.5307,Loss D:  0.3691
Epoch 244, Loss G: -3.4833,Loss D:  0.0697
Epoch 245, Loss G: -3.6058,Loss D: -0.0144
Epoch 246, Loss G: -3.3877,Loss D: -0.2981
Epoch 247, Loss G: -3.6189,Loss D: -0.1008
Epoch 248, Loss G: -3.2452,Loss D: -0.3529
Epoch 249, Loss G: -2.9514,Loss D: -0.5644
Epoch 250, Loss G: -2.9760,Loss D: -0.1873
Epoch 251, Loss G: -3.0552,Loss D: -0.3183
Epoch 252, Loss G: -3.2213,Loss D: -0.7763
Epoch 253, Loss G: -3.6321,Loss D: -0.0767
Epoch 254, Loss G: -3.7495,Loss D: -0.0971
Epoch 255, Loss G: -3.9467,Loss D:  0.6540
Epoch 256, Loss G: -3.9929,Loss D:  0.4746
Epoch 257, Loss G: -4.0491,Loss D:  0.1232
Epoch 258, Loss G: -4.2028,Loss D:  0.3034
Epoch 259, Loss G: -4.0253,Loss D:  0.5047
Epoch 260, Loss G: -4.0822,Loss D: -0.0690
Epoch 261, Loss G: -3.8289,Loss D: -0.3656
Epoch 262, Loss G: -4.1034,Loss D:  0.0646
Epoch 263, Loss G: -3.9493,Loss D: -0.4229
Epoch 264, Loss G: -3.6613,Loss D:  0.0623
Epoch 265, Loss G: -3.8528,Loss D:  0.2720
Epoch 266, Loss G: -3.7461,Loss D: -0.0909
Epoch 267, Loss G: -3.8030,Loss D: -0.1430
Epoch 268, Loss G: -3.9607,Loss D:  0.1671
Epoch 269, Loss G: -3.6899,Loss D: -0.0243
Epoch 270, Loss G: -4.1138,Loss D:  0.1782
Epoch 271, Loss G: -3.9539,Loss D:  0.0034
Epoch 272, Loss G: -4.1210,Loss D:  0.0145
Epoch 273, Loss G: -4.2083,Loss D:  0.2254
Epoch 274, Loss G: -4.1256,Loss D:  0.5795
Epoch 275, Loss G: -4.1365,Loss D:  0.4710
Epoch 276, Loss G: -4.0820,Loss D: -0.0035
Epoch 277, Loss G: -3.9950,Loss D:  0.5020
Epoch 278, Loss G: -4.0099,Loss D:  0.0826
Epoch 279, Loss G: -4.1342,Loss D:  0.0414
Epoch 280, Loss G: -3.9421,Loss D: -0.0037
Epoch 281, Loss G: -3.8353,Loss D:  0.0736
Epoch 282, Loss G: -3.7645,Loss D: -0.0946
Epoch 283, Loss G: -3.9696,Loss D:  0.0609
Epoch 284, Loss G: -4.0916,Loss D:  0.1691
Epoch 285, Loss G: -3.9379,Loss D:  0.6740
Epoch 286, Loss G: -3.9372,Loss D:  0.0602
Epoch 287, Loss G: -4.1260,Loss D:  0.2205
Epoch 288, Loss G: -4.7844,Loss D:  0.0472
Epoch 289, Loss G: -4.5016,Loss D:  0.3291
Epoch 290, Loss G: -4.2624,Loss D: -0.0077
Epoch 291, Loss G: -4.4729,Loss D:  0.4900
Epoch 292, Loss G: -4.4888,Loss D: -0.2427
Epoch 293, Loss G: -4.1900,Loss D:  0.0899
Epoch 294, Loss G: -4.3817,Loss D: -0.1423
Epoch 295, Loss G: -4.3949,Loss D:  0.2103
Epoch 296, Loss G: -4.1114,Loss D: -0.2819
Epoch 297, Loss G: -3.8054,Loss D: -0.0932
Epoch 298, Loss G: -3.9413,Loss D: -0.0477
Epoch 299, Loss G: -3.6874,Loss D: -0.0594
Epoch 300, Loss G: -3.7944,Loss D:  0.4016
Epoch 301, Loss G: -3.8188,Loss D: -0.0476
Epoch 302, Loss G: -3.7586,Loss D:  0.2969
Epoch 303, Loss G: -3.7272,Loss D:  0.2522
Epoch 304, Loss G: -4.0611,Loss D: -0.0792
Epoch 305, Loss G: -3.8400,Loss D:  0.0633
Epoch 306, Loss G: -3.6428,Loss D:  0.2892
Epoch 307, Loss G: -3.4048,Loss D:  0.3838
Epoch 308, Loss G: -3.7703,Loss D:  0.3208
Epoch 309, Loss G: -4.1818,Loss D:  0.2633
Epoch 310, Loss G: -4.0802,Loss D:  0.4119
Epoch 311, Loss G: -3.7363,Loss D: -0.0150
Epoch 312, Loss G: -4.1376,Loss D:  0.1607
Epoch 313, Loss G: -3.9481,Loss D:  0.0995
Epoch 314, Loss G: -4.1512,Loss D:  0.0107
Epoch 315, Loss G: -4.1447,Loss D:  0.0344
Epoch 316, Loss G: -3.9500,Loss D:  0.1956
Epoch 317, Loss G: -3.8372,Loss D: -0.3418
Epoch 318, Loss G: -4.0078,Loss D: -0.0593
Epoch 319, Loss G: -3.8443,Loss D: -0.1801
Epoch 320, Loss G: -3.6173,Loss D: -0.1588
Epoch 321, Loss G: -3.5219,Loss D: -0.4569
Epoch 322, Loss G: -3.6347,Loss D: -0.4119
Epoch 323, Loss G: -3.3231,Loss D: -0.1946
Epoch 324, Loss G: -3.4137,Loss D: -0.1904
Epoch 325, Loss G: -3.1736,Loss D: -0.5445
Epoch 326, Loss G: -3.1296,Loss D: -0.1386
Epoch 327, Loss G: -3.0100,Loss D: -0.4853
Epoch 328, Loss G: -3.0372,Loss D: -0.4285
Epoch 329, Loss G: -3.1360,Loss D: -0.0875
Epoch 330, Loss G: -3.0577,Loss D: -0.4054
Epoch 331, Loss G: -3.0552,Loss D:  0.2860
Epoch 332, Loss G: -3.4686,Loss D:  0.3762
Epoch 333, Loss G: -3.3859,Loss D:  0.1816
Epoch 334, Loss G: -3.8329,Loss D:  0.1241
Epoch 335, Loss G: -3.9110,Loss D:  0.3253
Epoch 336, Loss G: -4.1052,Loss D: -0.0921
Epoch 337, Loss G: -4.1133,Loss D: -0.0419
Epoch 338, Loss G: -3.9729,Loss D: -0.3614
Epoch 339, Loss G: -3.9748,Loss D: -0.3701
Epoch 340, Loss G: -4.0690,Loss D: -0.2326
Epoch 341, Loss G: -3.9362,Loss D: -0.8174
Epoch 342, Loss G: -4.3592,Loss D: -0.0650
Epoch 343, Loss G: -4.3929,Loss D: -0.3619
Epoch 344, Loss G: -4.2511,Loss D: -0.0098
Epoch 345, Loss G: -4.4377,Loss D:  0.1314
Epoch 346, Loss G: -4.4594,Loss D: -0.1256
Epoch 347, Loss G: -4.3909,Loss D: -0.3393
Epoch 348, Loss G: -4.7779,Loss D: -0.0898
Epoch 349, Loss G: -4.6194,Loss D:  0.4115
Epoch 350, Loss G: -4.8318,Loss D:  0.3652
Epoch 351, Loss G: -4.7633,Loss D:  0.1902
Epoch 352, Loss G: -4.9696,Loss D:  0.1130
Epoch 353, Loss G: -5.0951,Loss D: -0.0427
Epoch 354, Loss G: -5.1180,Loss D:  0.1613
Epoch 355, Loss G: -4.7346,Loss D:  0.4430
Epoch 356, Loss G: -4.9053,Loss D:  0.0800
Epoch 357, Loss G: -4.6517,Loss D:  0.6520
Epoch 358, Loss G: -4.5417,Loss D:  0.1702
Epoch 359, Loss G: -4.5959,Loss D:  0.1624
Epoch 360, Loss G: -4.3752,Loss D: -0.1570
Epoch 361, Loss G: -4.2735,Loss D:  0.0610
Epoch 362, Loss G: -4.0794,Loss D: -0.1555
Epoch 363, Loss G: -4.2129,Loss D: -0.1003
Epoch 364, Loss G: -4.0052,Loss D: -0.0865
Epoch 365, Loss G: -4.1684,Loss D: -0.4655
Epoch 366, Loss G: -4.1924,Loss D:  0.3549
Epoch 367, Loss G: -4.1143,Loss D: -0.0360
Epoch 368, Loss G: -4.2844,Loss D:  0.1876
Epoch 369, Loss G: -4.2488,Loss D: -0.2012
Epoch 370, Loss G: -4.4444,Loss D:  0.3645
Epoch 371, Loss G: -4.5567,Loss D: -0.0947
Epoch 372, Loss G: -4.4998,Loss D:  0.4070
Epoch 373, Loss G: -4.6569,Loss D: -0.0460
Epoch 374, Loss G: -5.0987,Loss D: -0.0702
Epoch 375, Loss G: -4.9309,Loss D: -0.1605
Epoch 376, Loss G: -4.8462,Loss D:  0.1051
Epoch 377, Loss G: -5.0195,Loss D: -0.3473
Epoch 378, Loss G: -4.8735,Loss D: -0.5565
Epoch 379, Loss G: -4.8673,Loss D: -0.4720
Epoch 380, Loss G: -4.6932,Loss D:  0.2824
Epoch 381, Loss G: -5.2086,Loss D:  0.1158
Epoch 382, Loss G: -5.0774,Loss D:  0.1530
Epoch 383, Loss G: -4.7465,Loss D:  0.2406
Epoch 384, Loss G: -5.3103,Loss D: -0.0588
Epoch 385, Loss G: -5.5021,Loss D: -0.0654
Epoch 386, Loss G: -5.8911,Loss D:  0.0697
Epoch 387, Loss G: -5.5731,Loss D:  0.3987
Epoch 388, Loss G: -5.2273,Loss D:  0.1207
Epoch 389, Loss G: -5.4011,Loss D:  0.1906
Epoch 390, Loss G: -4.8412,Loss D:  0.4216
Epoch 391, Loss G: -5.1198,Loss D: -0.0542
Epoch 392, Loss G: -5.0763,Loss D:  0.3574
Epoch 393, Loss G: -4.9109,Loss D: -0.4863
Epoch 394, Loss G: -4.8807,Loss D:  0.4005
Epoch 395, Loss G: -4.9153,Loss D: -0.1579
Epoch 396, Loss G: -4.9597,Loss D:  0.1732
Epoch 397, Loss G: -4.6095,Loss D:  0.0393
Epoch 398, Loss G: -4.8393,Loss D:  0.0953
Epoch 399, Loss G: -5.0490,Loss D:  0.1122
Epoch 400, Loss G: -5.0914,Loss D:  0.3514
Epoch 401, Loss G: -5.0882,Loss D:  0.3386
Epoch 402, Loss G: -5.0798,Loss D:  0.5582
Epoch 403, Loss G: -5.3965,Loss D:  0.8036
Epoch 404, Loss G: -5.5787,Loss D:  0.1268
Epoch 405, Loss G: -5.3492,Loss D:  0.3229
Epoch 406, Loss G: -5.1191,Loss D:  0.2639
Epoch 407, Loss G: -5.4066,Loss D:  0.6661
Epoch 408, Loss G: -5.1849,Loss D:  0.3519
Epoch 409, Loss G: -5.0045,Loss D:  0.5444
Epoch 410, Loss G: -5.0990,Loss D:  0.3490
Epoch 411, Loss G: -5.1049,Loss D:  0.1018
Epoch 412, Loss G: -4.8234,Loss D:  0.1453
Epoch 413, Loss G: -4.8194,Loss D:  0.0280
Epoch 414, Loss G: -4.4836,Loss D: -0.0114
Epoch 415, Loss G: -4.3847,Loss D: -0.1236
Epoch 416, Loss G: -4.3501,Loss D: -0.5704
Epoch 417, Loss G: -4.7861,Loss D: -0.5881
Epoch 418, Loss G: -4.4522,Loss D: -0.5300
Epoch 419, Loss G: -4.6911,Loss D: -0.6515
Epoch 420, Loss G: -4.5342,Loss D: -0.1336
Epoch 421, Loss G: -4.7713,Loss D: -0.0969
Epoch 422, Loss G: -4.5635,Loss D: -0.3180
Epoch 423, Loss G: -4.7909,Loss D: -0.5787
Epoch 424, Loss G: -4.8803,Loss D:  0.0869
Epoch 425, Loss G: -4.8661,Loss D:  0.1730
Epoch 426, Loss G: -5.1602,Loss D:  0.2519
Epoch 427, Loss G: -5.0485,Loss D:  0.5748
Epoch 428, Loss G: -5.3318,Loss D: -0.0462
Epoch 429, Loss G: -5.5856,Loss D:  0.0732
Epoch 430, Loss G: -5.4791,Loss D:  0.0607
Epoch 431, Loss G: -5.7096,Loss D:  0.0003
Epoch 432, Loss G: -6.0067,Loss D: -0.0226
Epoch 433, Loss G: -5.9484,Loss D: -0.0127
Epoch 434, Loss G: -6.0430,Loss D:  0.0128
Epoch 435, Loss G: -5.8090,Loss D: -0.2593
Epoch 436, Loss G: -5.7409,Loss D: -0.0593
Epoch 437, Loss G: -6.0587,Loss D: -0.1648
Epoch 438, Loss G: -5.6350,Loss D: -0.0076
Epoch 439, Loss G: -5.7406,Loss D: -0.1304
Epoch 440, Loss G: -5.6655,Loss D: -0.4028
Epoch 441, Loss G: -5.4081,Loss D: -0.1406
Epoch 442, Loss G: -5.6036,Loss D: -0.4700
Epoch 443, Loss G: -5.4934,Loss D: -0.0086
Epoch 444, Loss G: -5.6197,Loss D: -0.0847
Epoch 445, Loss G: -5.9179,Loss D: -0.2751
Epoch 446, Loss G: -5.8945,Loss D: -0.1686
Epoch 447, Loss G: -5.8242,Loss D:  0.1062
Epoch 448, Loss G: -5.9509,Loss D: -0.0824
Epoch 449, Loss G: -5.7846,Loss D:  0.1425
Epoch 450, Loss G: -6.1271,Loss D:  0.8423
Epoch 451, Loss G: -5.9153,Loss D:  0.3411
Epoch 452, Loss G: -6.1340,Loss D:  0.8270
Epoch 453, Loss G: -5.9094,Loss D:  0.1307
Epoch 454, Loss G: -5.6173,Loss D:  0.4704
Epoch 455, Loss G: -5.4186,Loss D:  0.2917
Epoch 456, Loss G: -5.2633,Loss D: -0.1412
Epoch 457, Loss G: -5.1000,Loss D: -0.3368
Epoch 458, Loss G: -4.9098,Loss D: -0.1075
Epoch 459, Loss G: -4.8748,Loss D:  0.2543
Epoch 460, Loss G: -4.4145,Loss D: -0.4916
Epoch 461, Loss G: -4.6557,Loss D: -0.5403
Epoch 462, Loss G: -4.1676,Loss D: -1.0115
Epoch 463, Loss G: -4.4418,Loss D:  0.1388
Epoch 464, Loss G: -4.7592,Loss D: -0.5704
Epoch 465, Loss G: -4.9946,Loss D:  0.2618
Epoch 466, Loss G: -4.9339,Loss D: -0.2589
Epoch 467, Loss G: -5.0200,Loss D:  0.1521
Epoch 468, Loss G: -5.1892,Loss D:  0.1287
Epoch 469, Loss G: -5.3830,Loss D:  0.0321
Epoch 470, Loss G: -5.3963,Loss D:  0.1857
Epoch 471, Loss G: -5.2008,Loss D:  0.4186
Epoch 472, Loss G: -5.4606,Loss D:  0.0177
Epoch 473, Loss G: -5.5123,Loss D: -0.3104
Epoch 474, Loss G: -5.1728,Loss D: -0.1008
Epoch 475, Loss G: -5.3444,Loss D: -0.4767
Epoch 476, Loss G: -5.7390,Loss D: -0.6779
Epoch 477, Loss G: -5.3690,Loss D: -0.7455
Epoch 478, Loss G: -5.7204,Loss D:  0.3439
Epoch 479, Loss G: -5.4308,Loss D:  0.1414
Epoch 480, Loss G: -5.2565,Loss D:  0.1931
Epoch 481, Loss G: -5.4012,Loss D:  0.3549
Epoch 482, Loss G: -5.5234,Loss D:  0.1685
Epoch 483, Loss G: -5.4975,Loss D:  0.0847
Epoch 484, Loss G: -5.9808,Loss D:  0.6805
Epoch 485, Loss G: -5.6112,Loss D:  0.4891
Epoch 486, Loss G: -5.8018,Loss D:  0.3080
Epoch 487, Loss G: -5.4094,Loss D:  0.3647
Epoch 488, Loss G: -5.5971,Loss D:  0.3461
Epoch 489, Loss G: -5.6012,Loss D:  0.7265
Epoch 490, Loss G: -6.0110,Loss D:  0.2694
Epoch 491, Loss G: -5.8487,Loss D:  0.3510
Epoch 492, Loss G: -5.7597,Loss D:  0.2019
Epoch 493, Loss G: -6.2185,Loss D:  0.1473
Epoch 494, Loss G: -5.7989,Loss D:  0.2864
Epoch 495, Loss G: -5.8453,Loss D: -0.2811
Epoch 496, Loss G: -5.3753,Loss D: -0.4076
Epoch 497, Loss G: -5.6288,Loss D: -0.4370
Epoch 498, Loss G: -4.9785,Loss D: -0.7290
Epoch 499, Loss G: -5.1039,Loss D: -0.8634
Epoch 500, Loss G: -5.6598,Loss D: -0.3648
Epoch 501, Loss G: -5.3737,Loss D:  0.0236
Epoch 502, Loss G: -5.2394,Loss D: -0.0715
Epoch 503, Loss G: -5.2500,Loss D: -0.2680
Epoch 504, Loss G: -4.5050,Loss D:  0.1754
Epoch 505, Loss G: -5.0796,Loss D:  0.2469
Epoch 506, Loss G: -4.9021,Loss D:  0.1475
Epoch 507, Loss G: -4.9154,Loss D:  0.1445
Epoch 508, Loss G: -5.0378,Loss D:  0.4942
Epoch 509, Loss G: -5.4246,Loss D:  0.5114
Epoch 510, Loss G: -5.0866,Loss D:  0.2195
Epoch 511, Loss G: -5.0462,Loss D:  0.0848
Epoch 512, Loss G: -5.1327,Loss D: -0.4438
Epoch 513, Loss G: -5.4769,Loss D: -0.1977
Epoch 514, Loss G: -5.7265,Loss D:  0.4258
Epoch 515, Loss G: -5.0731,Loss D: -0.3951
Epoch 516, Loss G: -5.5386,Loss D: -0.0206
Epoch 517, Loss G: -5.4376,Loss D: -0.5909
Epoch 518, Loss G: -4.9227,Loss D: -0.1578
Epoch 519, Loss G: -4.8104,Loss D: -0.5207
Epoch 520, Loss G: -5.4453,Loss D:  0.2443
Epoch 521, Loss G: -4.6126,Loss D:  0.3746
Epoch 522, Loss G: -4.3440,Loss D: -0.2917
Epoch 523, Loss G: -5.0317,Loss D:  0.0854
Epoch 524, Loss G: -5.1186,Loss D:  0.1053
Epoch 525, Loss G: -4.9051,Loss D: -0.1627
Epoch 526, Loss G: -4.7427,Loss D:  0.0382
Epoch 527, Loss G: -5.0533,Loss D:  0.6503
Epoch 528, Loss G: -4.7951,Loss D:  0.0818
Epoch 529, Loss G: -4.7469,Loss D: -0.1969
Epoch 530, Loss G: -5.0965,Loss D:  0.3494
Epoch 531, Loss G: -5.0786,Loss D: -0.0843
Epoch 532, Loss G: -4.9822,Loss D:  0.1363
Epoch 533, Loss G: -5.0813,Loss D: -0.1946
Epoch 534, Loss G: -4.9526,Loss D:  0.4486
Epoch 535, Loss G: -5.0015,Loss D:  0.0818
Epoch 536, Loss G: -5.1095,Loss D: -0.3812
Epoch 537, Loss G: -5.3279,Loss D:  0.0388
Epoch 538, Loss G: -5.4521,Loss D: -0.3288
Epoch 539, Loss G: -5.2233,Loss D: -0.2022
Epoch 540, Loss G: -5.3515,Loss D:  0.0224
Epoch 541, Loss G: -5.4266,Loss D: -0.2751
Epoch 542, Loss G: -4.9454,Loss D: -0.0249
Epoch 543, Loss G: -4.9932,Loss D: -0.0622
Epoch 544, Loss G: -5.2334,Loss D:  0.3092
Epoch 545, Loss G: -5.0275,Loss D:  0.1182
Epoch 546, Loss G: -5.0727,Loss D:  0.2227
Epoch 547, Loss G: -5.5119,Loss D: -0.2913
Epoch 548, Loss G: -5.7612,Loss D: -0.1060
Epoch 549, Loss G: -5.5279,Loss D: -0.0144
Epoch 550, Loss G: -5.7480,Loss D:  0.6116
Epoch 551, Loss G: -5.4825,Loss D:  0.0880
Epoch 552, Loss G: -5.3828,Loss D: -0.0872
Epoch 553, Loss G: -5.3980,Loss D:  0.0160
Epoch 554, Loss G: -5.4219,Loss D: -0.2267
Epoch 555, Loss G: -5.2999,Loss D: -0.3124
Epoch 556, Loss G: -5.1185,Loss D: -0.6322
Epoch 557, Loss G: -5.1886,Loss D: -0.4203
Epoch 558, Loss G: -5.0256,Loss D: -0.4569
Epoch 559, Loss G: -5.3801,Loss D: -0.1524
Epoch 560, Loss G: -5.3105,Loss D:  0.0876
Epoch 561, Loss G: -5.2290,Loss D: -0.3292
Epoch 562, Loss G: -5.1417,Loss D: -0.1795
Epoch 563, Loss G: -5.2648,Loss D: -0.0440
Epoch 564, Loss G: -5.3644,Loss D:  0.0177
Epoch 565, Loss G: -5.1217,Loss D:  0.2456
Epoch 566, Loss G: -4.9895,Loss D:  0.0081
Epoch 567, Loss G: -4.5200,Loss D: -0.0789
Epoch 568, Loss G: -4.9021,Loss D: -0.1987
Epoch 569, Loss G: -4.9839,Loss D: -0.5139
Epoch 570, Loss G: -5.0166,Loss D:  0.3063
Epoch 571, Loss G: -5.0267,Loss D: -0.4026
Epoch 572, Loss G: -4.5743,Loss D: -0.2484
Epoch 573, Loss G: -4.7689,Loss D: -0.0348
Epoch 574, Loss G: -4.9983,Loss D: -0.5793
Epoch 575, Loss G: -5.0495,Loss D:  0.4741
Epoch 576, Loss G: -5.0191,Loss D:  0.0580
Epoch 577, Loss G: -4.9841,Loss D:  0.2105
Epoch 578, Loss G: -3.9634,Loss D: -0.4058
Epoch 579, Loss G: -4.6652,Loss D: -0.1096
Epoch 580, Loss G: -4.5516,Loss D: -0.6071
Epoch 581, Loss G: -5.0267,Loss D:  0.0232
Epoch 582, Loss G: -4.6766,Loss D:  0.0473
Epoch 583, Loss G: -4.7418,Loss D:  0.1781
Epoch 584, Loss G: -4.4900,Loss D: -0.2848
Epoch 585, Loss G: -4.5090,Loss D:  0.0256
Epoch 586, Loss G: -4.7310,Loss D:  0.0107
Epoch 587, Loss G: -4.9883,Loss D:  0.5385
Epoch 588, Loss G: -4.5835,Loss D:  0.5572
Epoch 589, Loss G: -4.3361,Loss D: -0.3489
Epoch 590, Loss G: -3.9840,Loss D: -0.1260
Epoch 591, Loss G: -4.5940,Loss D: -0.0844
Epoch 592, Loss G: -4.2857,Loss D: -0.4010
Epoch 593, Loss G: -4.1482,Loss D: -0.5743
Epoch 594, Loss G: -4.0222,Loss D: -0.2088
Epoch 595, Loss G: -3.4843,Loss D: -0.3976
Epoch 596, Loss G: -3.7554,Loss D: -0.8549
Epoch 597, Loss G: -3.7502,Loss D: -0.4831
Epoch 598, Loss G: -3.6955,Loss D: -0.1180
Epoch 599, Loss G: -4.2495,Loss D: -0.3573
Epoch 600, Loss G: -4.4051,Loss D: -0.2637
Epoch 601, Loss G: -4.5089,Loss D: -0.1636
Epoch 602, Loss G: -4.3017,Loss D:  0.4540
Epoch 603, Loss G: -4.6905,Loss D:  0.1292
Epoch 604, Loss G: -4.9325,Loss D:  0.4990
Epoch 605, Loss G: -5.4545,Loss D:  0.3720
Epoch 606, Loss G: -5.5214,Loss D: -0.0402
Epoch 607, Loss G: -5.2375,Loss D:  0.4162
Epoch 608, Loss G: -5.7404,Loss D:  0.1606
Epoch 609, Loss G: -5.7708,Loss D: -0.4062
Epoch 610, Loss G: -5.8814,Loss D: -0.3315
Epoch 611, Loss G: -5.9573,Loss D: -0.1935
Epoch 612, Loss G: -6.1646,Loss D:  0.3998
Epoch 613, Loss G: -6.7679,Loss D: -0.1671
Epoch 614, Loss G: -5.9895,Loss D: -0.6900
Epoch 615, Loss G: -6.8656,Loss D: -0.6328
Epoch 616, Loss G: -6.8041,Loss D: -0.6098
Epoch 617, Loss G: -7.1590,Loss D:  0.3071
Epoch 618, Loss G: -6.9917,Loss D: -0.0839
Epoch 619, Loss G: -6.9300,Loss D:  0.3841
Epoch 620, Loss G: -7.1000,Loss D:  0.0926
Epoch 621, Loss G: -7.0123,Loss D: -0.1749
Epoch 622, Loss G: -6.9418,Loss D:  0.6884
Epoch 623, Loss G: -7.1783,Loss D:  0.3511
Epoch 624, Loss G: -6.7414,Loss D: -0.3044
Epoch 625, Loss G: -6.7957,Loss D: -0.4735
Epoch 626, Loss G: -7.1210,Loss D: -0.1266
Epoch 627, Loss G: -6.4266,Loss D:  0.1210
Epoch 628, Loss G: -6.2022,Loss D:  0.0762
Epoch 629, Loss G: -5.6769,Loss D: -0.4514
Epoch 630, Loss G: -5.6843,Loss D:  0.2293
Epoch 631, Loss G: -5.6983,Loss D:  0.0960
Epoch 632, Loss G: -5.7765,Loss D: -0.3593
Epoch 633, Loss G: -5.1841,Loss D: -0.5852
Epoch 634, Loss G: -5.2489,Loss D: -0.5223
Epoch 635, Loss G: -5.1239,Loss D: -0.0927
Epoch 636, Loss G: -5.1416,Loss D:  0.2629
Epoch 637, Loss G: -5.3234,Loss D: -0.0732
Epoch 638, Loss G: -4.9542,Loss D: -0.0408
Epoch 639, Loss G: -5.2721,Loss D:  0.5301
Epoch 640, Loss G: -4.8865,Loss D:  0.2129
Epoch 641, Loss G: -5.0828,Loss D:  0.2373
Epoch 642, Loss G: -5.2187,Loss D:  0.0106
Epoch 643, Loss G: -5.2543,Loss D:  0.1567
Epoch 644, Loss G: -5.4167,Loss D:  0.3344
Epoch 645, Loss G: -4.8835,Loss D:  0.1865
Epoch 646, Loss G: -4.9944,Loss D:  0.1706
Epoch 647, Loss G: -4.9923,Loss D: -0.2002
Epoch 648, Loss G: -4.8047,Loss D:  0.6601
Epoch 649, Loss G: -4.6361,Loss D: -0.4173
Epoch 650, Loss G: -5.0217,Loss D: -0.1223
Epoch 651, Loss G: -4.5028,Loss D: -0.0772
Epoch 652, Loss G: -4.6426,Loss D: -0.4841
Epoch 653, Loss G: -5.0624,Loss D: -0.1227
Epoch 654, Loss G: -4.8211,Loss D: -0.2766
Epoch 655, Loss G: -5.0613,Loss D:  0.1660
Epoch 656, Loss G: -5.3088,Loss D: -0.2312
Epoch 657, Loss G: -5.5325,Loss D: -0.0604
Epoch 658, Loss G: -5.6294,Loss D:  0.1819
Epoch 659, Loss G: -5.9233,Loss D:  0.2610
Epoch 660, Loss G: -5.9378,Loss D: -0.1169
Epoch 661, Loss G: -6.1880,Loss D:  0.3762
Epoch 662, Loss G: -6.7150,Loss D: -0.0666
Epoch 663, Loss G: -6.5362,Loss D:  0.3351
Epoch 664, Loss G: -6.4795,Loss D:  0.3033
Epoch 665, Loss G: -6.7433,Loss D: -0.1903
Epoch 666, Loss G: -6.7388,Loss D:  0.2082
Epoch 667, Loss G: -6.6411,Loss D:  0.4881
Epoch 668, Loss G: -7.0931,Loss D:  0.3736
Epoch 669, Loss G: -6.3706,Loss D:  0.2954
Epoch 670, Loss G: -6.3206,Loss D: -0.2161
Epoch 671, Loss G: -6.5799,Loss D:  0.5170
Epoch 672, Loss G: -5.9846,Loss D:  0.0854
Epoch 673, Loss G: -5.9404,Loss D:  0.6039
Epoch 674, Loss G: -5.9422,Loss D:  0.1609
Epoch 675, Loss G: -5.7967,Loss D:  0.0176
Epoch 676, Loss G: -5.3882,Loss D: -0.2983
Epoch 677, Loss G: -5.4348,Loss D: -0.1364
Epoch 678, Loss G: -5.2856,Loss D: -0.2192
Epoch 679, Loss G: -5.1600,Loss D: -0.5291
Epoch 680, Loss G: -5.5260,Loss D: -0.3853
Epoch 681, Loss G: -5.5432,Loss D:  0.1558
Epoch 682, Loss G: -5.4897,Loss D:  0.0501
Epoch 683, Loss G: -5.5513,Loss D: -0.4346
Epoch 684, Loss G: -5.4990,Loss D:  0.0933
Epoch 685, Loss G: -5.7202,Loss D: -0.1169
Epoch 686, Loss G: -5.5106,Loss D:  0.0462
Epoch 687, Loss G: -5.4107,Loss D:  0.0047
Epoch 688, Loss G: -5.3128,Loss D: -0.0394
Epoch 689, Loss G: -5.1450,Loss D: -0.1941
Epoch 690, Loss G: -5.0882,Loss D: -0.1609
Epoch 691, Loss G: -4.9292,Loss D: -0.2489
Epoch 692, Loss G: -4.5398,Loss D: -0.4987
Epoch 693, Loss G: -5.1494,Loss D: -0.0384
Epoch 694, Loss G: -5.1295,Loss D: -0.2076
Epoch 695, Loss G: -4.9823,Loss D: -0.3989
Epoch 696, Loss G: -5.3287,Loss D:  0.0142
Epoch 697, Loss G: -5.2699,Loss D: -0.1086
Epoch 698, Loss G: -5.2123,Loss D: -0.1434
Epoch 699, Loss G: -5.8179,Loss D: -0.7494
Epoch 700, Loss G: -5.8136,Loss D:  0.2802
Epoch 701, Loss G: -5.7898,Loss D: -0.1446
Epoch 702, Loss G: -5.9865,Loss D:  0.0355
Epoch 703, Loss G: -6.1452,Loss D:  0.1487
Epoch 704, Loss G: -6.0848,Loss D:  0.7007
Epoch 705, Loss G: -6.0295,Loss D: -0.3816
Epoch 706, Loss G: -5.9850,Loss D:  0.3499
Epoch 707, Loss G: -5.9573,Loss D:  0.3125
Epoch 708, Loss G: -6.4357,Loss D:  0.1483
Epoch 709, Loss G: -6.2708,Loss D:  0.3937
Epoch 710, Loss G: -6.1956,Loss D:  0.4416
Epoch 711, Loss G: -6.2220,Loss D:  0.1470
Epoch 712, Loss G: -5.7099,Loss D: -0.0540
Epoch 713, Loss G: -5.9219,Loss D: -0.7370
Epoch 714, Loss G: -6.3632,Loss D:  0.0723
Epoch 715, Loss G: -5.7476,Loss D: -0.2014
Epoch 716, Loss G: -5.8921,Loss D: -0.1521
Epoch 717, Loss G: -5.5923,Loss D:  0.4603
Epoch 718, Loss G: -5.6394,Loss D:  0.3385
Epoch 719, Loss G: -5.6757,Loss D: -0.2149
Epoch 720, Loss G: -5.5259,Loss D:  0.3836
Epoch 721, Loss G: -5.5326,Loss D:  0.3818
Epoch 722, Loss G: -5.6812,Loss D:  0.1169
Epoch 723, Loss G: -5.4615,Loss D:  0.0200
Epoch 724, Loss G: -5.7086,Loss D:  0.5777
Epoch 725, Loss G: -5.1645,Loss D: -0.4356
Epoch 726, Loss G: -5.3241,Loss D: -0.1563
Epoch 727, Loss G: -5.2080,Loss D:  0.0490
Epoch 728, Loss G: -5.1995,Loss D:  0.2658
Epoch 729, Loss G: -4.9541,Loss D: -0.0467
Epoch 730, Loss G: -5.2830,Loss D: -0.2319
Epoch 731, Loss G: -5.3758,Loss D:  0.2872
Epoch 732, Loss G: -5.5105,Loss D: -0.1820
Epoch 733, Loss G: -5.3391,Loss D: -0.2753
Epoch 734, Loss G: -5.3938,Loss D: -0.0207
Epoch 735, Loss G: -5.1613,Loss D: -0.2060
Epoch 736, Loss G: -5.4164,Loss D: -0.1292
Epoch 737, Loss G: -5.7478,Loss D:  0.7425
Epoch 738, Loss G: -5.7356,Loss D: -0.0668
Epoch 739, Loss G: -5.5958,Loss D:  0.2348
Epoch 740, Loss G: -5.5494,Loss D: -0.1626
Epoch 741, Loss G: -6.0400,Loss D: -0.1768
Epoch 742, Loss G: -5.5277,Loss D:  0.1450
Epoch 743, Loss G: -5.2559,Loss D:  0.1898
Epoch 744, Loss G: -5.8337,Loss D: -0.1915
Epoch 745, Loss G: -5.5729,Loss D: -0.6069
Epoch 746, Loss G: -5.4076,Loss D: -0.5763
Epoch 747, Loss G: -5.1085,Loss D: -0.5586
Epoch 748, Loss G: -5.1963,Loss D: -0.7186
Epoch 749, Loss G: -4.7038,Loss D:  0.1017
Epoch 750, Loss G: -5.4505,Loss D: -0.0100
Epoch 751, Loss G: -5.7524,Loss D: -0.1309
Epoch 752, Loss G: -5.0954,Loss D:  0.2572
Epoch 753, Loss G: -5.2250,Loss D:  0.4850
Epoch 754, Loss G: -5.4694,Loss D: -0.3490
Epoch 755, Loss G: -5.4796,Loss D:  0.3008
Epoch 756, Loss G: -5.6906,Loss D:  0.2286
Epoch 757, Loss G: -5.8611,Loss D:  0.1975
Epoch 758, Loss G: -5.9164,Loss D:  0.3363
Epoch 759, Loss G: -5.6897,Loss D:  0.1124
Epoch 760, Loss G: -5.2293,Loss D:  0.3184
Epoch 761, Loss G: -5.2747,Loss D:  0.6141
Epoch 762, Loss G: -5.2179,Loss D:  0.1393
Epoch 763, Loss G: -4.5659,Loss D:  0.3471
Epoch 764, Loss G: -4.3752,Loss D: -0.3176
Epoch 765, Loss G: -5.0272,Loss D: -0.8009
Epoch 766, Loss G: -4.3433,Loss D:  0.0311
Epoch 767, Loss G: -4.5391,Loss D: -0.7492
Epoch 768, Loss G: -3.9909,Loss D:  0.1728
Epoch 769, Loss G: -4.2080,Loss D: -0.3907
Epoch 770, Loss G: -4.4566,Loss D: -0.2558
Epoch 771, Loss G: -4.2104,Loss D:  0.1134
Epoch 772, Loss G: -4.5437,Loss D:  0.1377
Epoch 773, Loss G: -4.7521,Loss D:  0.2890
Epoch 774, Loss G: -4.4988,Loss D:  0.2175
Epoch 775, Loss G: -4.9083,Loss D:  0.2141
Epoch 776, Loss G: -5.0687,Loss D: -0.1455
Epoch 777, Loss G: -4.8734,Loss D: -0.0785
Epoch 778, Loss G: -5.1711,Loss D: -0.1033
Epoch 779, Loss G: -5.0545,Loss D:  0.1421
Epoch 780, Loss G: -5.0318,Loss D:  0.2596
Epoch 781, Loss G: -5.1887,Loss D:  0.4145
Epoch 782, Loss G: -4.9433,Loss D: -0.2394
Epoch 783, Loss G: -4.9923,Loss D: -0.5239
Epoch 784, Loss G: -4.9968,Loss D: -0.1768
Epoch 785, Loss G: -5.0891,Loss D:  0.1117
Epoch 786, Loss G: -5.3155,Loss D: -0.1267
Epoch 787, Loss G: -5.4427,Loss D:  0.0955
Epoch 788, Loss G: -6.0205,Loss D: -0.1123
Epoch 789, Loss G: -5.7609,Loss D:  0.0324
Epoch 790, Loss G: -6.1454,Loss D:  0.0600
Epoch 791, Loss G: -5.9980,Loss D:  0.3061
Epoch 792, Loss G: -6.1761,Loss D:  0.3807
Epoch 793, Loss G: -5.9843,Loss D:  0.5494
Epoch 794, Loss G: -6.1276,Loss D:  0.2359
Epoch 795, Loss G: -6.2642,Loss D:  0.2765
Epoch 796, Loss G: -6.3608,Loss D:  0.1836
Epoch 797, Loss G: -6.3762,Loss D: -0.0101
Epoch 798, Loss G: -6.3372,Loss D:  0.3483
Epoch 799, Loss G: -6.1098,Loss D:  0.4415
Epoch 800, Loss G: -6.6571,Loss D: -0.6543
