Epoch 1, Loss G:  1.1011,Loss D: -0.0335
Epoch 2, Loss G:  1.1709,Loss D: -0.0969
Epoch 3, Loss G:  1.1710,Loss D: -0.2209
Epoch 4, Loss G:  1.2193,Loss D: -0.3125
Epoch 5, Loss G:  1.2078,Loss D: -0.3874
Epoch 6, Loss G:  1.2397,Loss D: -0.5034
Epoch 7, Loss G:  1.1872,Loss D: -0.6205
Epoch 8, Loss G:  1.2181,Loss D: -0.8096
Epoch 9, Loss G:  1.0969,Loss D: -0.9154
Epoch 10, Loss G:  1.0435,Loss D: -0.9501
Epoch 11, Loss G:  0.9251,Loss D: -1.0405
Epoch 12, Loss G:  0.9159,Loss D: -1.0591
Epoch 13, Loss G:  0.8587,Loss D: -1.0142
Epoch 14, Loss G:  0.6628,Loss D: -1.2440
Epoch 15, Loss G:  0.6543,Loss D: -1.3347
Epoch 16, Loss G:  0.4573,Loss D: -1.2063
Epoch 17, Loss G:  0.4569,Loss D: -0.9849
Epoch 18, Loss G:  0.5789,Loss D: -1.4315
Epoch 19, Loss G:  0.5080,Loss D: -1.3221
Epoch 20, Loss G:  0.3677,Loss D: -0.9006
Epoch 21, Loss G:  0.3618,Loss D: -0.9975
Epoch 22, Loss G:  0.3938,Loss D: -0.6991
Epoch 23, Loss G:  0.4732,Loss D: -0.7741
Epoch 24, Loss G:  0.3229,Loss D: -0.7079
Epoch 25, Loss G:  0.1917,Loss D: -0.5497
Epoch 26, Loss G: -0.0297,Loss D: -0.4030
Epoch 27, Loss G: -0.0734,Loss D: -0.2868
Epoch 28, Loss G: -0.1315,Loss D: -0.2042
Epoch 29, Loss G: -0.1945,Loss D: -0.1853
Epoch 30, Loss G: -0.2596,Loss D:  0.0439
Epoch 31, Loss G: -0.3292,Loss D:  0.3208
Epoch 32, Loss G: -0.1258,Loss D:  0.0143
Epoch 33, Loss G: -0.2657,Loss D:  0.2796
Epoch 34, Loss G: -0.2217,Loss D:  0.2616
Epoch 35, Loss G:  0.0318,Loss D:  0.1136
Epoch 36, Loss G:  0.0539,Loss D:  0.1994
Epoch 37, Loss G:  0.2593,Loss D:  0.0279
Epoch 38, Loss G:  0.2413,Loss D: -0.0034
Epoch 39, Loss G:  0.2543,Loss D: -0.0482
Epoch 40, Loss G:  0.4478,Loss D: -0.2789
Epoch 41, Loss G:  0.7843,Loss D: -0.3767
Epoch 42, Loss G:  0.7841,Loss D: -0.3658
Epoch 43, Loss G:  0.6845,Loss D: -0.2856
Epoch 44, Loss G:  0.8403,Loss D: -0.3092
Epoch 45, Loss G:  0.8580,Loss D: -0.3238
Epoch 46, Loss G:  0.9555,Loss D: -0.2520
Epoch 47, Loss G:  0.7636,Loss D:  0.0624
Epoch 48, Loss G:  0.5016,Loss D:  0.0273
Epoch 49, Loss G:  0.5625,Loss D:  0.2743
Epoch 50, Loss G:  0.6612,Loss D:  0.1823
Epoch 51, Loss G:  0.5267,Loss D:  0.4644
Epoch 52, Loss G:  0.3005,Loss D:  0.5203
Epoch 53, Loss G:  0.1908,Loss D:  0.6004
Epoch 54, Loss G:  0.0909,Loss D:  0.5575
Epoch 55, Loss G:  0.0156,Loss D:  0.6508
Epoch 56, Loss G:  0.0474,Loss D:  0.6569
Epoch 57, Loss G:  0.2374,Loss D:  0.9034
Epoch 58, Loss G:  0.1840,Loss D:  0.6254
Epoch 59, Loss G:  0.1712,Loss D:  0.7560
Epoch 60, Loss G:  0.2447,Loss D:  0.3914
Epoch 61, Loss G:  0.3523,Loss D:  0.3751
Epoch 62, Loss G:  0.3376,Loss D:  0.3674
Epoch 63, Loss G:  0.4772,Loss D:  0.3625
Epoch 64, Loss G:  0.4763,Loss D:  0.2759
Epoch 65, Loss G:  0.6257,Loss D:  0.3723
Epoch 66, Loss G:  0.5820,Loss D: -0.1028
Epoch 67, Loss G:  0.7267,Loss D: -0.1708
Epoch 68, Loss G:  0.9221,Loss D: -0.2916
Epoch 69, Loss G:  0.7048,Loss D: -0.2100
Epoch 70, Loss G:  0.7036,Loss D: -0.3758
Epoch 71, Loss G:  0.6145,Loss D: -0.3325
Epoch 72, Loss G:  0.7119,Loss D: -0.0870
Epoch 73, Loss G:  0.6239,Loss D: -0.2793
Epoch 74, Loss G:  0.7518,Loss D: -0.2802
Epoch 75, Loss G:  0.6471,Loss D: -0.1473
Epoch 76, Loss G:  0.4070,Loss D: -0.1367
Epoch 77, Loss G:  0.4205,Loss D:  0.1845
Epoch 78, Loss G:  0.4490,Loss D:  0.3840
Epoch 79, Loss G:  0.2174,Loss D:  0.2367
Epoch 80, Loss G:  0.2332,Loss D:  0.6000
Epoch 81, Loss G:  0.3123,Loss D:  0.7021
Epoch 82, Loss G:  0.1366,Loss D:  0.5110
Epoch 83, Loss G:  0.2595,Loss D:  0.1760
Epoch 84, Loss G:  0.0210,Loss D:  0.4260
Epoch 85, Loss G:  0.1324,Loss D:  0.5875
Epoch 86, Loss G:  0.1048,Loss D:  0.4831
Epoch 87, Loss G: -0.1137,Loss D:  0.3512
Epoch 88, Loss G:  0.0091,Loss D:  0.3894
Epoch 89, Loss G:  0.1486,Loss D:  0.2156
Epoch 90, Loss G:  0.2950,Loss D:  0.3121
Epoch 91, Loss G:  0.1356,Loss D:  0.2811
Epoch 92, Loss G:  0.3790,Loss D:  0.1315
Epoch 93, Loss G:  0.1661,Loss D:  0.0657
Epoch 94, Loss G:  0.3970,Loss D:  0.0651
Epoch 95, Loss G:  0.2228,Loss D: -0.0436
Epoch 96, Loss G:  0.3203,Loss D:  0.0223
Epoch 97, Loss G:  0.5328,Loss D: -0.0424
Epoch 98, Loss G:  0.3802,Loss D:  0.1008
Epoch 99, Loss G:  0.4722,Loss D:  0.2878
Epoch 100, Loss G:  0.3341,Loss D: -0.0296
Epoch 101, Loss G:  0.2383,Loss D: -0.0443
Epoch 102, Loss G:  0.3811,Loss D: -0.0621
Epoch 103, Loss G:  0.3493,Loss D:  0.2206
Epoch 104, Loss G:  0.5865,Loss D:  0.3638
Epoch 105, Loss G:  0.2344,Loss D:  0.3499
Epoch 106, Loss G:  0.2913,Loss D:  0.3201
Epoch 107, Loss G:  0.1510,Loss D:  0.1007
Epoch 108, Loss G:  0.1551,Loss D:  0.1929
Epoch 109, Loss G:  0.2174,Loss D:  0.5086
Epoch 110, Loss G:  0.1215,Loss D:  0.5743
Epoch 111, Loss G: -0.1253,Loss D:  0.4366
Epoch 112, Loss G:  0.0987,Loss D:  0.4565
Epoch 113, Loss G: -0.0377,Loss D:  0.5186
Epoch 114, Loss G: -0.0925,Loss D:  0.3793
Epoch 115, Loss G: -0.2988,Loss D:  0.4417
Epoch 116, Loss G: -0.2852,Loss D:  0.3073
Epoch 117, Loss G: -0.3246,Loss D:  0.1061
Epoch 118, Loss G: -0.2698,Loss D:  0.2634
Epoch 119, Loss G: -0.2677,Loss D:  0.0483
Epoch 120, Loss G: -0.3435,Loss D:  0.0202
Epoch 121, Loss G: -0.1042,Loss D:  0.0827
Epoch 122, Loss G: -0.1878,Loss D: -0.0932
Epoch 123, Loss G: -0.0113,Loss D: -0.2876
Epoch 124, Loss G:  0.0004,Loss D: -0.5468
Epoch 125, Loss G:  0.0183,Loss D: -0.3287
Epoch 126, Loss G: -0.0863,Loss D: -0.1547
Epoch 127, Loss G: -0.1576,Loss D: -0.0376
Epoch 128, Loss G: -0.2093,Loss D: -0.1538
Epoch 129, Loss G: -0.3926,Loss D:  0.0147
Epoch 130, Loss G: -0.2560,Loss D:  0.0624
Epoch 131, Loss G: -0.0051,Loss D: -0.1052
Epoch 132, Loss G: -0.4531,Loss D:  0.0124
Epoch 133, Loss G: -0.6370,Loss D:  0.2157
Epoch 134, Loss G: -0.7173,Loss D:  0.3704
Epoch 135, Loss G: -0.5352,Loss D:  0.3236
Epoch 136, Loss G: -0.7333,Loss D:  0.5208
Epoch 137, Loss G: -0.7599,Loss D:  0.5513
Epoch 138, Loss G: -0.8768,Loss D:  0.4600
Epoch 139, Loss G: -0.8368,Loss D:  0.6348
Epoch 140, Loss G: -0.8748,Loss D:  0.6546
Epoch 141, Loss G: -1.1574,Loss D:  0.5993
Epoch 142, Loss G: -0.9348,Loss D:  0.5264
Epoch 143, Loss G: -0.8203,Loss D:  0.3270
Epoch 144, Loss G: -1.1013,Loss D:  0.2804
Epoch 145, Loss G: -0.9516,Loss D:  0.0328
Epoch 146, Loss G: -0.8079,Loss D:  0.1364
Epoch 147, Loss G: -0.5848,Loss D:  0.0312
Epoch 148, Loss G: -0.5868,Loss D: -0.0537
Epoch 149, Loss G: -0.1441,Loss D: -0.0756
Epoch 150, Loss G: -0.2502,Loss D: -0.1395
Epoch 151, Loss G: -0.0255,Loss D: -0.4334
Epoch 152, Loss G: -0.1178,Loss D: -0.4713
Epoch 153, Loss G:  0.0386,Loss D: -0.5981
Epoch 154, Loss G: -0.0065,Loss D: -0.1098
Epoch 155, Loss G: -0.1085,Loss D: -0.4170
Epoch 156, Loss G: -0.2412,Loss D: -0.1985
Epoch 157, Loss G: -0.4602,Loss D:  0.0939
Epoch 158, Loss G: -0.7614,Loss D:  0.1995
Epoch 159, Loss G: -0.8593,Loss D:  0.2067
Epoch 160, Loss G: -1.0238,Loss D:  0.4075
Epoch 161, Loss G: -1.1710,Loss D:  0.2077
Epoch 162, Loss G: -1.2430,Loss D:  0.6118
Epoch 163, Loss G: -1.3708,Loss D:  0.6659
Epoch 164, Loss G: -1.6212,Loss D:  0.4556
Epoch 165, Loss G: -1.6014,Loss D:  0.3081
Epoch 166, Loss G: -1.7445,Loss D:  0.3274
Epoch 167, Loss G: -1.5844,Loss D:  0.1261
Epoch 168, Loss G: -1.3866,Loss D:  0.2548
Epoch 169, Loss G: -1.2979,Loss D: -0.2197
Epoch 170, Loss G: -1.2015,Loss D: -0.0893
Epoch 171, Loss G: -1.0038,Loss D: -0.4909
Epoch 172, Loss G: -0.8678,Loss D: -0.3638
Epoch 173, Loss G: -0.7561,Loss D: -0.9711
Epoch 174, Loss G: -0.7640,Loss D: -0.5230
Epoch 175, Loss G: -0.7973,Loss D: -0.3714
Epoch 176, Loss G: -0.7111,Loss D: -0.3240
Epoch 177, Loss G: -0.9501,Loss D: -0.0374
Epoch 178, Loss G: -1.1102,Loss D:  0.1304
Epoch 179, Loss G: -1.1161,Loss D:  0.3229
Epoch 180, Loss G: -1.4331,Loss D:  0.4382
Epoch 181, Loss G: -1.4057,Loss D:  0.5019
Epoch 182, Loss G: -1.3431,Loss D:  0.5779
Epoch 183, Loss G: -1.2947,Loss D:  0.1558
Epoch 184, Loss G: -0.9868,Loss D:  0.0779
Epoch 185, Loss G: -0.5442,Loss D:  0.0280
Epoch 186, Loss G: -0.5235,Loss D: -0.4998
Epoch 187, Loss G: -0.2173,Loss D: -0.3696
Epoch 188, Loss G: -0.0409,Loss D: -0.5091
Epoch 189, Loss G: -0.1208,Loss D: -0.5447
Epoch 190, Loss G:  0.0284,Loss D: -0.5285
Epoch 191, Loss G: -0.1968,Loss D:  0.1224
Epoch 192, Loss G: -0.4117,Loss D:  0.0894
Epoch 193, Loss G: -0.5311,Loss D:  0.1426
Epoch 194, Loss G: -0.6334,Loss D:  0.3756
Epoch 195, Loss G: -1.1448,Loss D:  0.7585
Epoch 196, Loss G: -1.1601,Loss D:  0.6035
Epoch 197, Loss G: -0.8182,Loss D:  0.2635
Epoch 198, Loss G: -0.9812,Loss D:  0.4072
Epoch 199, Loss G: -0.9239,Loss D:  0.2337
Epoch 200, Loss G: -0.8473,Loss D:  0.0989
Epoch 201, Loss G: -0.9848,Loss D: -0.0089
Epoch 202, Loss G: -0.9133,Loss D:  0.0649
Epoch 203, Loss G: -1.1260,Loss D: -0.1152
Epoch 204, Loss G: -1.1520,Loss D: -0.0705
Epoch 205, Loss G: -1.2964,Loss D:  0.0856
Epoch 206, Loss G: -1.3484,Loss D:  0.1953
Epoch 207, Loss G: -1.4233,Loss D:  0.0491
Epoch 208, Loss G: -1.3434,Loss D:  0.3225
Epoch 209, Loss G: -1.4433,Loss D:  0.0325
Epoch 210, Loss G: -1.4521,Loss D:  0.1802
Epoch 211, Loss G: -1.2956,Loss D:  0.1028
Epoch 212, Loss G: -1.6320,Loss D:  0.0997
Epoch 213, Loss G: -1.4291,Loss D:  0.0156
Epoch 214, Loss G: -1.7231,Loss D: -0.2027
Epoch 215, Loss G: -1.5983,Loss D:  0.0380
Epoch 216, Loss G: -1.7712,Loss D: -0.0542
Epoch 217, Loss G: -1.9288,Loss D:  0.2532
Epoch 218, Loss G: -1.8797,Loss D:  0.2138
Epoch 219, Loss G: -1.6591,Loss D:  0.0665
Epoch 220, Loss G: -1.9230,Loss D: -0.0300
Epoch 221, Loss G: -2.1907,Loss D: -0.2566
Epoch 222, Loss G: -2.1906,Loss D:  0.0087
Epoch 223, Loss G: -2.2186,Loss D:  0.0225
Epoch 224, Loss G: -2.1351,Loss D:  0.1364
Epoch 225, Loss G: -2.0055,Loss D:  0.2945
Epoch 226, Loss G: -2.3255,Loss D:  0.1281
Epoch 227, Loss G: -2.2964,Loss D:  0.0181
Epoch 228, Loss G: -2.2198,Loss D: -0.0612
Epoch 229, Loss G: -2.3955,Loss D:  0.0956
Epoch 230, Loss G: -2.4403,Loss D:  0.3656
Epoch 231, Loss G: -2.2938,Loss D:  0.0692
Epoch 232, Loss G: -2.2892,Loss D:  0.2792
Epoch 233, Loss G: -2.7007,Loss D: -0.0392
Epoch 234, Loss G: -2.2174,Loss D:  0.3758
Epoch 235, Loss G: -2.5080,Loss D:  0.3931
Epoch 236, Loss G: -2.0568,Loss D: -0.0510
Epoch 237, Loss G: -2.4180,Loss D:  0.1306
Epoch 238, Loss G: -2.2646,Loss D: -0.0176
Epoch 239, Loss G: -2.0380,Loss D: -0.0053
Epoch 240, Loss G: -2.2418,Loss D:  0.1030
Epoch 241, Loss G: -2.0593,Loss D: -0.0387
Epoch 242, Loss G: -2.0804,Loss D: -0.0002
Epoch 243, Loss G: -2.2589,Loss D:  0.2511
Epoch 244, Loss G: -1.9551,Loss D: -0.1014
Epoch 245, Loss G: -2.0587,Loss D:  0.3179
Epoch 246, Loss G: -2.2377,Loss D:  0.3753
Epoch 247, Loss G: -2.1321,Loss D:  0.3699
Epoch 248, Loss G: -2.3712,Loss D:  0.2712
Epoch 249, Loss G: -2.0457,Loss D:  0.1024
Epoch 250, Loss G: -2.0952,Loss D: -0.0209
Epoch 251, Loss G: -1.8187,Loss D: -0.0312
Epoch 252, Loss G: -1.9157,Loss D: -0.1715
Epoch 253, Loss G: -1.9330,Loss D: -0.3417
Epoch 254, Loss G: -1.7867,Loss D: -0.0592
Epoch 255, Loss G: -2.0779,Loss D:  0.0231
Epoch 256, Loss G: -2.0090,Loss D:  0.3388
Epoch 257, Loss G: -1.9994,Loss D: -0.0163
Epoch 258, Loss G: -2.2751,Loss D: -0.1672
Epoch 259, Loss G: -2.0138,Loss D:  0.1934
Epoch 260, Loss G: -2.2913,Loss D:  0.2711
Epoch 261, Loss G: -2.5237,Loss D:  0.0564
Epoch 262, Loss G: -2.0878,Loss D:  0.1368
Epoch 263, Loss G: -2.3082,Loss D:  0.2957
Epoch 264, Loss G: -2.1441,Loss D:  0.4343
Epoch 265, Loss G: -2.2395,Loss D: -0.0171
Epoch 266, Loss G: -2.3415,Loss D:  0.2820
Epoch 267, Loss G: -2.1244,Loss D:  0.1009
Epoch 268, Loss G: -2.2605,Loss D: -0.1289
Epoch 269, Loss G: -2.3185,Loss D:  0.0481
Epoch 270, Loss G: -2.3377,Loss D:  0.1422
Epoch 271, Loss G: -2.4035,Loss D:  0.1152
Epoch 272, Loss G: -2.6760,Loss D:  0.2051
Epoch 273, Loss G: -2.5401,Loss D:  0.1105
Epoch 274, Loss G: -2.5321,Loss D:  0.0957
Epoch 275, Loss G: -2.5997,Loss D: -0.0597
Epoch 276, Loss G: -2.5257,Loss D:  0.2611
Epoch 277, Loss G: -2.5731,Loss D: -0.0852
Epoch 278, Loss G: -2.5772,Loss D: -0.0249
Epoch 279, Loss G: -2.4477,Loss D: -0.1461
Epoch 280, Loss G: -2.4320,Loss D: -0.0800
Epoch 281, Loss G: -2.5880,Loss D: -0.2461
Epoch 282, Loss G: -2.7787,Loss D: -0.3345
Epoch 283, Loss G: -2.6784,Loss D: -0.1122
Epoch 284, Loss G: -2.7092,Loss D:  0.0459
Epoch 285, Loss G: -2.5366,Loss D: -0.1840
Epoch 286, Loss G: -2.4284,Loss D:  0.2526
Epoch 287, Loss G: -2.7497,Loss D: -0.1109
Epoch 288, Loss G: -2.7025,Loss D:  0.1731
Epoch 289, Loss G: -2.3120,Loss D:  0.2772
Epoch 290, Loss G: -2.5194,Loss D:  0.3761
Epoch 291, Loss G: -2.5351,Loss D:  0.3405
Epoch 292, Loss G: -2.5674,Loss D:  0.6118
Epoch 293, Loss G: -2.4471,Loss D:  0.2369
Epoch 294, Loss G: -2.5297,Loss D:  0.4146
Epoch 295, Loss G: -2.5125,Loss D:  0.0475
Epoch 296, Loss G: -2.4455,Loss D:  0.0968
Epoch 297, Loss G: -2.5574,Loss D:  0.0643
Epoch 298, Loss G: -2.4243,Loss D:  0.0806
Epoch 299, Loss G: -2.2937,Loss D:  0.1472
Epoch 300, Loss G: -2.3369,Loss D: -0.0912
Epoch 301, Loss G: -2.1010,Loss D: -0.0295
Epoch 302, Loss G: -2.0491,Loss D:  0.2156
Epoch 303, Loss G: -1.8469,Loss D:  0.1090
Epoch 304, Loss G: -1.9229,Loss D:  0.0036
Epoch 305, Loss G: -1.6187,Loss D:  0.0732
Epoch 306, Loss G: -1.4474,Loss D: -0.1983
Epoch 307, Loss G: -1.5687,Loss D: -0.3304
Epoch 308, Loss G: -1.5271,Loss D: -0.0091
Epoch 309, Loss G: -1.5040,Loss D:  0.1322
Epoch 310, Loss G: -1.7339,Loss D:  0.1838
Epoch 311, Loss G: -1.6082,Loss D:  0.3757
Epoch 312, Loss G: -1.6566,Loss D: -0.0106
Epoch 313, Loss G: -1.7309,Loss D:  0.1385
Epoch 314, Loss G: -1.8014,Loss D: -0.2462
Epoch 315, Loss G: -1.8494,Loss D:  0.4417
Epoch 316, Loss G: -1.9643,Loss D:  0.0196
Epoch 317, Loss G: -2.5118,Loss D:  0.4288
Epoch 318, Loss G: -2.1696,Loss D:  0.1503
Epoch 319, Loss G: -2.3616,Loss D:  0.2224
Epoch 320, Loss G: -2.5919,Loss D:  0.0874
Epoch 321, Loss G: -2.5140,Loss D:  0.2218
Epoch 322, Loss G: -2.2868,Loss D: -0.1225
Epoch 323, Loss G: -2.5161,Loss D: -0.1083
Epoch 324, Loss G: -2.6506,Loss D: -0.0599
Epoch 325, Loss G: -2.4065,Loss D: -0.1017
Epoch 326, Loss G: -2.5921,Loss D: -0.1674
Epoch 327, Loss G: -2.7221,Loss D: -0.0098
Epoch 328, Loss G: -2.6317,Loss D: -0.6042
Epoch 329, Loss G: -2.7825,Loss D: -0.5098
Epoch 330, Loss G: -2.8710,Loss D: -0.0858
Epoch 331, Loss G: -2.9225,Loss D: -0.1891
Epoch 332, Loss G: -2.9817,Loss D: -0.4031
Epoch 333, Loss G: -3.1968,Loss D:  0.1873
Epoch 334, Loss G: -2.8825,Loss D:  0.1949
Epoch 335, Loss G: -3.2040,Loss D:  0.2521
Epoch 336, Loss G: -3.1669,Loss D:  0.2781
Epoch 337, Loss G: -3.2612,Loss D:  0.3260
Epoch 338, Loss G: -3.4677,Loss D:  0.1232
Epoch 339, Loss G: -3.0887,Loss D: -0.0321
Epoch 340, Loss G: -3.3071,Loss D: -0.0500
Epoch 341, Loss G: -3.2955,Loss D: -0.1254
Epoch 342, Loss G: -3.1870,Loss D:  0.0806
Epoch 343, Loss G: -3.1476,Loss D: -0.0782
Epoch 344, Loss G: -2.9659,Loss D: -0.1058
Epoch 345, Loss G: -2.6190,Loss D: -0.0549
Epoch 346, Loss G: -2.6755,Loss D:  0.2482
Epoch 347, Loss G: -2.8527,Loss D: -0.0951
Epoch 348, Loss G: -2.8043,Loss D: -0.0810
Epoch 349, Loss G: -2.8937,Loss D:  0.2634
Epoch 350, Loss G: -2.6940,Loss D: -0.1697
Epoch 351, Loss G: -2.9609,Loss D:  0.1788
Epoch 352, Loss G: -2.6541,Loss D: -0.2010
Epoch 353, Loss G: -2.7379,Loss D:  0.0435
Epoch 354, Loss G: -2.7906,Loss D: -0.0331
Epoch 355, Loss G: -2.6077,Loss D:  0.0706
Epoch 356, Loss G: -2.4006,Loss D: -0.3385
Epoch 357, Loss G: -2.3889,Loss D: -0.3909
Epoch 358, Loss G: -2.1736,Loss D: -0.1723
Epoch 359, Loss G: -2.0163,Loss D: -0.1027
Epoch 360, Loss G: -2.3695,Loss D: -0.2530
Epoch 361, Loss G: -2.3912,Loss D: -0.1707
Epoch 362, Loss G: -2.3882,Loss D: -0.2383
Epoch 363, Loss G: -2.3301,Loss D:  0.0783
Epoch 364, Loss G: -2.4564,Loss D: -0.1500
Epoch 365, Loss G: -2.5347,Loss D:  0.2041
Epoch 366, Loss G: -2.4888,Loss D:  0.2034
Epoch 367, Loss G: -2.5390,Loss D:  0.3483
Epoch 368, Loss G: -2.4561,Loss D:  0.1845
Epoch 369, Loss G: -2.6113,Loss D:  0.3123
Epoch 370, Loss G: -2.7456,Loss D:  0.0446
Epoch 371, Loss G: -2.6063,Loss D:  0.2926
Epoch 372, Loss G: -2.4430,Loss D: -0.0122
Epoch 373, Loss G: -2.7378,Loss D:  0.2515
Epoch 374, Loss G: -2.7573,Loss D: -0.2808
Epoch 375, Loss G: -2.6910,Loss D: -0.0535
Epoch 376, Loss G: -2.9807,Loss D: -0.2504
Epoch 377, Loss G: -2.9568,Loss D:  0.0667
Epoch 378, Loss G: -3.0175,Loss D: -0.1193
Epoch 379, Loss G: -3.0432,Loss D:  0.2605
Epoch 380, Loss G: -3.5670,Loss D:  0.3148
Epoch 381, Loss G: -3.4303,Loss D:  0.1026
Epoch 382, Loss G: -3.6681,Loss D:  0.6238
Epoch 383, Loss G: -3.6402,Loss D:  0.0240
Epoch 384, Loss G: -3.9574,Loss D:  0.0014
Epoch 385, Loss G: -3.9242,Loss D:  0.3503
Epoch 386, Loss G: -3.9142,Loss D:  0.1020
Epoch 387, Loss G: -3.3599,Loss D:  0.3166
Epoch 388, Loss G: -3.5728,Loss D:  0.2194
Epoch 389, Loss G: -3.7342,Loss D:  0.0642
Epoch 390, Loss G: -3.4920,Loss D:  0.0748
Epoch 391, Loss G: -3.1390,Loss D: -0.0779
Epoch 392, Loss G: -3.1716,Loss D: -0.1494
Epoch 393, Loss G: -3.3804,Loss D: -0.1355
Epoch 394, Loss G: -3.2780,Loss D:  0.1137
Epoch 395, Loss G: -3.4951,Loss D:  0.0898
Epoch 396, Loss G: -3.0096,Loss D:  0.1809
Epoch 397, Loss G: -2.9289,Loss D: -0.1971
Epoch 398, Loss G: -2.9284,Loss D:  0.1834
Epoch 399, Loss G: -3.1608,Loss D:  0.1315
Epoch 400, Loss G: -3.2482,Loss D:  0.1208
Epoch 401, Loss G: -3.1848,Loss D: -0.1358
Epoch 402, Loss G: -3.3301,Loss D:  0.1953
Epoch 403, Loss G: -3.4273,Loss D:  0.1813
Epoch 404, Loss G: -3.5802,Loss D:  0.0417
Epoch 405, Loss G: -3.5588,Loss D:  0.2362
Epoch 406, Loss G: -3.2914,Loss D:  0.4870
Epoch 407, Loss G: -3.5257,Loss D:  0.5549
Epoch 408, Loss G: -3.6174,Loss D: -0.0610
Epoch 409, Loss G: -3.3081,Loss D:  0.1216
Epoch 410, Loss G: -3.4004,Loss D:  0.0118
Epoch 411, Loss G: -3.4878,Loss D: -0.0155
Epoch 412, Loss G: -3.2368,Loss D: -0.0051
Epoch 413, Loss G: -3.0358,Loss D: -0.3697
Epoch 414, Loss G: -2.9973,Loss D: -0.1074
Epoch 415, Loss G: -3.1651,Loss D: -0.2761
Epoch 416, Loss G: -3.2407,Loss D: -0.2488
Epoch 417, Loss G: -3.2463,Loss D: -0.0658
Epoch 418, Loss G: -3.3059,Loss D:  0.1296
Epoch 419, Loss G: -3.5176,Loss D:  0.0427
Epoch 420, Loss G: -3.6277,Loss D:  0.1807
Epoch 421, Loss G: -3.6392,Loss D:  0.1951
Epoch 422, Loss G: -3.3292,Loss D:  0.3595
Epoch 423, Loss G: -3.3059,Loss D:  0.3768
Epoch 424, Loss G: -3.2494,Loss D:  0.0654
Epoch 425, Loss G: -3.2943,Loss D: -0.0743
Epoch 426, Loss G: -3.1947,Loss D:  0.0905
Epoch 427, Loss G: -3.4588,Loss D:  0.0296
Epoch 428, Loss G: -3.3621,Loss D:  0.0915
Epoch 429, Loss G: -3.4996,Loss D: -0.0380
Epoch 430, Loss G: -3.3551,Loss D: -0.1135
Epoch 431, Loss G: -3.4988,Loss D:  0.0667
Epoch 432, Loss G: -3.8028,Loss D:  0.0583
Epoch 433, Loss G: -3.6275,Loss D:  0.2101
Epoch 434, Loss G: -3.5659,Loss D: -0.1152
Epoch 435, Loss G: -3.9641,Loss D:  0.0114
Epoch 436, Loss G: -3.6580,Loss D:  0.2530
Epoch 437, Loss G: -3.6868,Loss D:  0.2519
Epoch 438, Loss G: -3.6829,Loss D: -0.0021
Epoch 439, Loss G: -3.7257,Loss D:  0.2914
Epoch 440, Loss G: -3.5967,Loss D:  0.4216
Epoch 441, Loss G: -3.5751,Loss D:  0.2139
Epoch 442, Loss G: -3.8934,Loss D:  0.3013
Epoch 443, Loss G: -3.6793,Loss D:  0.0728
Epoch 444, Loss G: -3.5261,Loss D:  0.1245
Epoch 445, Loss G: -3.5410,Loss D:  0.3714
Epoch 446, Loss G: -3.5829,Loss D: -0.3578
Epoch 447, Loss G: -3.5222,Loss D:  0.4181
Epoch 448, Loss G: -3.2283,Loss D: -0.0608
Epoch 449, Loss G: -3.5259,Loss D:  0.1372
Epoch 450, Loss G: -3.3240,Loss D:  0.0524
Epoch 451, Loss G: -3.2959,Loss D: -0.0900
Epoch 452, Loss G: -3.3843,Loss D:  0.1476
Epoch 453, Loss G: -3.3895,Loss D:  0.0178
Epoch 454, Loss G: -3.4021,Loss D: -0.0628
Epoch 455, Loss G: -3.3084,Loss D: -0.0202
Epoch 456, Loss G: -3.5314,Loss D:  0.1073
Epoch 457, Loss G: -3.4376,Loss D:  0.1633
Epoch 458, Loss G: -3.1139,Loss D:  0.1408
Epoch 459, Loss G: -3.3318,Loss D: -0.1195
Epoch 460, Loss G: -3.0058,Loss D: -0.0592
Epoch 461, Loss G: -3.4112,Loss D: -0.0770
Epoch 462, Loss G: -3.0963,Loss D:  0.0379
Epoch 463, Loss G: -3.2265,Loss D: -0.2316
Epoch 464, Loss G: -3.1846,Loss D: -0.5602
Epoch 465, Loss G: -2.9326,Loss D: -0.2065
Epoch 466, Loss G: -3.1916,Loss D:  0.0372
Epoch 467, Loss G: -3.0723,Loss D: -0.1666
Epoch 468, Loss G: -2.8972,Loss D:  0.2505
Epoch 469, Loss G: -2.9001,Loss D:  0.1794
Epoch 470, Loss G: -2.8082,Loss D: -0.1374
Epoch 471, Loss G: -3.0744,Loss D: -0.0984
Epoch 472, Loss G: -3.1570,Loss D:  0.3452
Epoch 473, Loss G: -2.9857,Loss D: -0.0073
Epoch 474, Loss G: -3.0898,Loss D:  0.2397
Epoch 475, Loss G: -3.1129,Loss D:  0.3002
Epoch 476, Loss G: -3.2813,Loss D: -0.0543
Epoch 477, Loss G: -3.2183,Loss D:  0.0905
Epoch 478, Loss G: -3.3053,Loss D: -0.0962
Epoch 479, Loss G: -3.5355,Loss D: -0.0126
Epoch 480, Loss G: -3.3771,Loss D:  0.1808
Epoch 481, Loss G: -3.5038,Loss D: -0.1791
Epoch 482, Loss G: -3.5854,Loss D:  0.0486
Epoch 483, Loss G: -3.4488,Loss D: -0.2097
Epoch 484, Loss G: -3.5793,Loss D: -0.1121
Epoch 485, Loss G: -3.4146,Loss D:  0.1737
Epoch 486, Loss G: -3.3986,Loss D:  0.0795
Epoch 487, Loss G: -3.3582,Loss D: -0.2880
Epoch 488, Loss G: -3.6531,Loss D:  0.0487
Epoch 489, Loss G: -3.4814,Loss D: -0.0330
Epoch 490, Loss G: -3.7038,Loss D:  0.1914
Epoch 491, Loss G: -4.0168,Loss D:  0.1153
Epoch 492, Loss G: -3.9487,Loss D: -0.1807
Epoch 493, Loss G: -4.1061,Loss D:  0.2951
Epoch 494, Loss G: -4.0209,Loss D:  0.0888
Epoch 495, Loss G: -3.8771,Loss D:  0.3908
Epoch 496, Loss G: -4.1603,Loss D: -0.0260
Epoch 497, Loss G: -4.2527,Loss D:  0.4402
Epoch 498, Loss G: -4.2050,Loss D:  0.2980
Epoch 499, Loss G: -4.2798,Loss D:  0.2213
Epoch 500, Loss G: -4.2425,Loss D: -0.0567
